OBJECT,source,Teff,e_Teff,[Fe/H],e_[Fe/H],log(g),e_log(g),FILE,simbadnames_x,ID_NAME,OBJECT_ID,filename,exptime,EXTSNR,qprog,rv,basenames,simbadnames_y
GJ_745_A,Mann,3500.0,60.0,-0.4419589035611357,0.08,4.927,0.05,,GJ 745 A|HIP 93873|Gaia DR3 4519789321942643072|TIC 384491142|PLX 4451|LSPM J1907+2053|ASCC  800727|UCAC2  39189853|USNO-B1.0 1108-00373266|CCDM J19072+2053A|CSI+20-19050|Ci 20 1129|G 184-48|G 185-3|GAT  153|GCRV 11580|HIC  93873|IDS 19029+2044 A|LFT 1449|LHS  3432|LTT 15601|NLTT 47424|PM 19050+2049|Ross  730|TYC 1598-325-1|Zkh 284|[RHG95]  3004|2MASS J19070556+2053168|WISEP J190705.22+205313.4|WDS J19072+2053B|** LDS 1017B|UCAC4 555-082340|PM J19070+2053|Gaia DR1 4519789317615004800|Gaia DR2 4519789321933481856|Karmn J19070+208|,Gaia DR3 4519789321942643072,TIC 384491142,./library/20240822_specmatch_nir/FITS/neidL2_20220610T082851.fits,899.844,43.7753,2022A-452266,32.3717,neidL2_20220610T082851.fits,TIC_384491142|PLX_4451|LSPM_J1907+2053|ASCC__800727|UCAC2__39189853|USNO-B1.0_1108-00373266|CCDM_J19072+2053A|CSI+20-19050|Ci_20_1129|G_184-48|G_185-3|GAT__153|GCRV_11580|GJ___745_A|HIC__93873|HIP__93873|IDS_19029+2044_A|LFT_1449|LHS__3432|LTT_15601|NLTT_47424|PM_19050+2049|Ross__730|TYC_1598-325-1|Zkh_284|[RHG95]__3004|2MASS_J19070556+2053168|WISEP_J190705.22+205313.4|WDS_J19072+2053B|**_LDS_1017B|UCAC4_555-082340|PM_J19070+2053|Gaia_DR1_4519789317615004800|Gaia_DR2_4519789321933481856|Karmn_J19070+208
GJ_3072,Gaidos,3967.0,301.067,0.312290990537952,0.1,4.72,0.12,,GJ 3072|HIP 4845|Gaia DR3 2473055951588089088|MCC 3|TIC 24250831|2MASS J01022113-1025256|PLX  208|BD-11   192|GCRV   590|GEN# -0.01100192|GSC 05273-01440|HIC   4845|PPM 209648|TYC 5273-1440-1|UGP  15|[RHG95]   203|PLX  208.00|WISEA J010221.15-102527.7|Gaia DR1 2473055947291890816|WEB   934|Gaia DR2 2473055951588089088|,Gaia DR3 2473055951588089088,TIC 24250831,./library/20240822_specmatch_nir/FITS/neidL2_20211219T055002.fits,899.831,30.6263,2021B-0435,9.39051,neidL2_20211219T055002.fits,TIC_24250831|2MASS_J01022113-1025256|PLX__208|BD-11___192|GCRV___590|GEN#_-0.01100192|GJ__3072|GSC_05273-01440|HIC___4845|HIP___4845|MCC___3|PPM_209648|TYC_5273-1440-1|UGP__15|[RHG95]___203|PLX__208.00|WISEA_J010221.15-102527.7|Gaia_DR1_2473055947291890816|WEB___934|Gaia_DR2_2473055951588089088
GJ_105_B,Mann,3284.0,60.0,0.11838917629043742,0.03,4.941,0.049,,GJ 105 B|AP J02361535+0652191|Gaia DR3 18565464288396416|MCC 396|TIC 278962913|LSPM J0236+0652|2MASS J02361535+0652191|USNO-B1.0 0968-00026146|8pc 138.72B|CCDM J02361+0653B|CSI+06   398  2|Ci 20  175|G  73-71|G  76-12|GEN# +1.00016160B|GEN# +1.20016160|GEN# +9.80073071|GSC 00052-00151|IDS 02307+0626 B|LFT  218|LHS    16|LTT 10859|NLTT  8455|UBV    2587|USNO 802|V* BX Cet|Zkh  44|[R78b] 153|[RHG95]   463|vMa 2-3|** PLQ   32B|WDS J02361+0653C|AKARI-IRC-V1 J0236161+065228|WISE J023616.50+065233.0|PMSC 02307+0626B|Gaia DR2 18565464288396416|WISEA J023616.52+065232.9|UCAC4 485-003632|PM J02362+0652|Karmn J02362+068|,Gaia DR3 18565464288396416,TIC 278962913,./library/20240822_specmatch_nir/FITS/neidL2_20211220T062240.fits,899.825,34.1012,2021B-0435,26.2741,neidL2_20211220T062240.fits,TIC_278962913|LSPM_J0236+0652|2MASS_J02361535+0652191|USNO-B1.0_0968-00026146|8pc_138.72B|CCDM_J02361+0653B|CSI+06___398__2|Ci_20__175|G__73-71|G__76-12|GEN#_+1.00016160B|GEN#_+1.20016160|GEN#_+9.80073071|GJ___105_B|GSC_00052-00151|IDS_02307+0626_B|LFT__218|LHS____16|LTT_10859|MCC_396|NLTT__8455|UBV____2587|USNO_802|V*_BX_Cet|Zkh__44|[R78b]_153|[RHG95]___463|vMa_2-3|**_PLQ___32B|WDS_J02361+0653C|AKARI-IRC-V1_J0236161+065228|WISE_J023616.50+065233.0|PMSC_02307+0626B|Gaia_DR2_18565464288396416|WISEA_J023616.52+065232.9|UCAC4_485-003632|PM_J02362+0652|Karmn_J02362+068
GJ_70,Mann,3458.0,60.0,-0.3050261320160578,0.08,4.808,0.05,,GJ 70|HIP 8051|Gaia DR3 2560771312759450496|StKM 2-154|MCC 93|TIC 369534824|2MASS J01432015+0419172|PLX  363.1|LSPM J0143+0419|ASCC 1096514|UCAC2  33162859|USNO-B1.0 0943-00016573|AC +03  2259-0|AC +04  2595-239|CSI+04-01408|G   3-14|G  71-28|GCRV 51952|GEN# +9.80003014|GEN# +6.10010070|HIC   8051|LFT 1851|LHS  1290|LTT 10604|NLTT  5733|PM 01408+0405|TYC   32-1005-1|UBV M  42923|Zkh  32|[R78b]  77|[RHG95]   319|PLX  363.10|WISEA J014319.89+041910.0|UCAC4 472-002320|PM J01433+0419|Gaia DR1 2560771342823697152|WEB  1724|Gaia DR2 2560771312759450496|Karmn J01433+043|,Gaia DR3 2560771312759450496,TIC 369534824,./library/20240822_specmatch_nir/FITS/neidL2_20211219T065631.fits,899.821,13.5113,2021B-0435,-25.934,neidL2_20211219T065631.fits,TIC_369534824|2MASS_J01432015+0419172|PLX__363.1|LSPM_J0143+0419|ASCC_1096514|UCAC2__33162859|USNO-B1.0_0943-00016573|AC_+03__2259-0|AC_+04__2595-239|CSI+04-01408|G___3-14|G__71-28|GCRV_51952|GEN#_+9.80003014|GEN#_+6.10010070|GJ____70|HIC___8051|HIP___8051|LFT_1851|LHS__1290|LTT_10604|MCC__93|NLTT__5733|PM_01408+0405|TYC___32-1005-1|UBV_M__42923|Zkh__32|[R78b]__77|[RHG95]___319|PLX__363.10|WISEA_J014319.89+041910.0|UCAC4_472-002320|StKM_2-154|PM_J01433+0419|Gaia_DR1_2560771342823697152|WEB__1724|Gaia_DR2_2560771312759450496|Karmn_J01433+043
GJ_699,Mann2015,3228.0,60.0,-0.2444679639891208,0.08,5.09,0.05,,GJ 699|HIP 87937|Gaia DR3 4472832130942575872|StKM 2-1355|MCC 799|TIC 325554331|PLX 4098|LSPM J1757+0441|ASCC 1153178|UCAC2  33428712|2MASS J17574849+0441405|USNO-B1.0 0946-00315199|8pc 549.01|AC2000  146626|BD+04  3561a|CCDM J17578+0441A|CSI+04-17554|CSV   7737|Ci 20 1069|G 140-24|GAT   12|GCRV 10392|GSC 00425-00184|GSC 00425-02502|HIC  87937|IRAS 17553+0438|JP11    18|LFT 1385|LHS    57|LTT 15309|NLTT 45718|NSV  9910|TYC  425-2502-1|UBV   15269|USNO 347|USNO 876|V* V2500 Oph|VVO   6|Zkh 269|[RHG95]  2849|WISEA J175747.94+044323.8|PLX 4098.00|1E 1755.3+0438|NAME Barnard's star|NAME Barnard Star|UCAC4 474-068224|PM J17578+0441N|GEN# +0.00403561|uvby98 000403561|WEB 14849|Gaia DR2 4472832130942575872|Karmn J17578+046|,Gaia DR3 4472832130942575872,TIC 325554331,./library/20240822_specmatch_nir/FITS/neidL2_20220514T102831.fits,899.805,64.0962,2022A-452266,-110.55,neidL2_20220514T102831.fits,TIC_325554331|PLX_4098|LSPM_J1757+0441|ASCC_1153178|UCAC2__33428712|2MASS_J17574849+0441405|USNO-B1.0_0946-00315199|8pc_549.01|AC2000__146626|BD+04__3561a|CCDM_J17578+0441A|CSI+04-17554|CSV___7737|Ci_20_1069|G_140-24|GAT___12|GCRV_10392|GJ___699|GSC_00425-00184|GSC_00425-02502|HIC__87937|HIP__87937|IRAS_17553+0438|JP11____18|LFT_1385|LHS____57|LTT_15309|MCC_799|NLTT_45718|NSV__9910|TYC__425-2502-1|UBV___15269|USNO_347|USNO_876|V*_V2500_Oph|VVO___6|Zkh_269|[RHG95]__2849|WISEA_J175747.94+044323.8|PLX_4098.00|1E_1755.3+0438|NAME_Barnard's_star|NAME_Barnard_Star|UCAC4_474-068224|StKM_2-1355|PM_J17578+0441N|GEN#_+0.00403561|uvby98_000403561|WEB_14849|Gaia_DR2_4472832130942575872|Karmn_J17578+046
GJ_1148,Mann,3304.0,61.0,-0.4462484334681111,0.08,4.814,0.053,,GJ 1148|HIP 57050|Gaia DR3 772430527947893632|TIC 115869504|WISEA J114144.08+424506.2|Gaia DR2 772430527947893632|TYC 3016-1877-1|PM J11417+4245|UCAC4 664-056772|LSPM J1141+4245|ASCC  408337|UCAC2  46566670|G 122-40|HIC  57050|LFT  836|LHS  2443|LTT 13210|NLTT 28266|Ross 1003|USNO 725|[RHG95]  1827|2MASS J11414471+4245072|USNO-B1.0 1327-00279297|PLX 2703.01|HAT 141-00143|Gaia DR1 772430901610348032|Karmn J11417+427|,Gaia DR3 772430527947893632,TIC 115869504,./library/20240822_specmatch_nir/FITS/neidL2_20220515T080022.fits,899.738,12.2934,2022A-452266,-9.0539,neidL2_20220515T080022.fits,TIC_115869504|WISEA_J114144.08+424506.2|Gaia_DR2_772430527947893632|TYC_3016-1877-1|PM_J11417+4245|UCAC4_664-056772|LSPM_J1141+4245|ASCC__408337|UCAC2__46566670|G_122-40|GJ__1148|HIC__57050|HIP__57050|LFT__836|LHS__2443|LTT_13210|NLTT_28266|Ross_1003|USNO_725|[RHG95]__1827|2MASS_J11414471+4245072|USNO-B1.0_1327-00279297|PLX_2703.01|HAT_141-00143|Gaia_DR1_772430901610348032|Karmn_J11417+427
GJ_701,Mann,3614.0,60.0,0.02400352887917935,0.08,4.788,0.048,,GJ 701|HIP 88574|AP J18050755-0301523|1RXS J180507.9-030152|Gaia DR3 4177731838628465408|MCC 176|Karmn J18051-030|TIC 41378014|PLX 4133|8pc 128.28|BD-03  4233|DO  4566|G  21-1|G  20-22|GCRV 10525|GEN# +1.00165222|HD 165222|HIC  88574|IRAS 18024-0302|JP11  2924|L  991-14|LFT 1389|LHS  3356|LPM 667|LTT  7180|NLTT 45883|NSV 10167|PM 18025-0302|PPM 201375|SAO 142072|TYC 5100-282-1|UBV   15372|UGP 443|VVO 182|YZ  93  6055|YZC 17  6055|Zkh 270|[RHG95]  2859|2MASS J18050755-0301523|UCAC2  30729179|PLX 4133.00|WISEA J180507.97-030156.2|UCAC4 435-075468|PM J18051-0301|WEB 14999|Gaia DR2 4177731838628465408|,Gaia DR3 4177731838628465408,HD 165222,./library/20240822_specmatch_nir/FITS/neidL2_20220516T110132.fits,899.804,80.5866,2022A-452266,32.6265,neidL2_20220516T110132.fits,TIC_41378014|PLX_4133|8pc_128.28|BD-03__4233|DO__4566|G__21-1|G__20-22|GCRV_10525|GEN#_+1.00165222|GJ___701|HD_165222|HIC__88574|HIP__88574|IRAS_18024-0302|JP11__2924|L__991-14|LFT_1389|LHS__3356|LPM_667|LTT__7180|MCC_176|NLTT_45883|NSV_10167|PM_18025-0302|PPM_201375|SAO_142072|TYC_5100-282-1|UBV___15372|UGP_443|VVO_182|YZ__93__6055|YZC_17__6055|Zkh_270|[RHG95]__2859|2MASS_J18050755-0301523|UCAC2__30729179|PLX_4133.00|WISEA_J180507.97-030156.2|UCAC4_435-075468|PM_J18051-0301|WEB_14999|Gaia_DR2_4177731838628465408
GJ_649,Von Braun,3590.0,45.0,0.33159801026346114,0.1,4.75,0.02,,GJ 649|HIP 83043|Gaia DR3 4572835535272627712|StKM 2-1286|MCC 785|TIC 236743275|PLX 3857|LSPM J1658+2544|ASCC  694128|UCAC2  40870437|USNO-B1.0 1157-00248752|BD+25  3173|Ci 20 1014|G 169-38|G 170-6|GCRV  9782|GEN# +0.02503173|HIC  83043|IRAS 16560+2549|LFT 1313|LHS  3257|LTT 15016|NLTT 43922|PM 16561+2550|Ross  860|TYC 2063-479-1|UBV   14365|UBV M   1485|VVO  44|Zkh 239|[RHG95]  2673|2MASS J16580884+2544392|PLX 3857.00|WISEA J165808.75+254433.6|NSV 20873|Gaia DR2 4572835535272064768|UCAC4 579-054393|PM J16581+2544|Gaia DR1 4572835737133711744|WEB 14039|Karmn J16581+257|,Gaia DR3 4572835535272627712,TIC 236743275,./library/20240822_specmatch_nir/FITS/neidL2_20220610T070906.fits,899.853,66.9914,2022A-452266,4.28968,neidL2_20220610T070906.fits,TIC_236743275|PLX_3857|LSPM_J1658+2544|ASCC__694128|UCAC2__40870437|USNO-B1.0_1157-00248752|BD+25__3173|Ci_20_1014|G_169-38|G_170-6|GCRV__9782|GEN#_+0.02503173|GJ___649|HIC__83043|HIP__83043|IRAS_16560+2549|LFT_1313|LHS__3257|LTT_15016|MCC_785|NLTT_43922|PM_16561+2550|Ross__860|TYC_2063-479-1|UBV___14365|UBV_M___1485|VVO__44|Zkh_239|[RHG95]__2673|2MASS_J16580884+2544392|PLX_3857.00|WISEA_J165808.75+254433.6|NSV_20873|Gaia_DR2_4572835535272064768|UCAC4_579-054393|StKM_2-1286|PM_J16581+2544|Gaia_DR1_4572835737133711744|WEB_14039|Karmn_J16581+257
GJ_458.2,Mann,3900.0,61.0,0.10710874502659874,0.08,4.633,0.056,,GJ 9399|GJ 458.2|HIP 59748|Gaia DR3 1545795533411708032|StKM 2-807|MCC 640|TIC 53580461|LSPM J1215+4843|ASCC  329726|USNO-B1.0 1387-00223528|BD+49  2126|G 198-37|GSC 03455-00111|HIC  59748|NGP 49  71|NLTT 30123|TYC 3455-111-1|[RHG95]  1925|2MASS J12150885+4843574|Pul -3  910088|UCAC4 694-052092|PM J12151+4843|Gaia DR1 1545795529110395136|Gaia DR2 1545795529110395136|,Gaia DR3 1545795533411708032,TIC 53580461,./library/20240822_specmatch_nir/FITS/neidL2_20220515T082008.fits,899.784,30.1584,2022A-452266,-14.112,neidL2_20220515T082008.fits,TIC_53580461|LSPM_J1215+4843|ASCC__329726|USNO-B1.0_1387-00223528|BD+49__2126|G_198-37|GJ___458.2|GSC_03455-00111|HIC__59748|HIP__59748|MCC_640|NGP_49__71|NLTT_30123|TYC_3455-111-1|[RHG95]__1925|2MASS_J12150885+4843574|Pul_-3__910088|GJ__9399|UCAC4_694-052092|StKM_2-807|PM_J12151+4843|Gaia_DR1_1545795529110395136|Gaia_DR2_1545795529110395136
GJ_393,Mann,3548.0,60.0,0.24202515152434434,0.08,4.821,0.05,,GJ 393|HIP 51317|AP J10285555+0050275|Gaia DR3 3855208897392952192|StKM 2-642|Karmn J10289+008|TIC 277888583|PLX 2456|LSPM J1028+0050|ASCC 1133482|UCAC2  32036240|USNO-B1.0 0908-00191111|8pc 138.29|AG+01 1298|BD+01  2447|Ci 20  580|G  55-24|G 162-60|GCRV  6576|GEN# +0.00102447|GSC 00246-01068|HIC  51317|JP11     7|LFT  719|LHS  2272|LTT 12805|MCC 127|NAME NC 28|NLTT 24467|PPM 156874|Ross  446|TYC  246-1068-1|UBV    9694|UBV M    156|UBV    9672|VVO 262|Zkh 142|[ATZ98] C060|[RHG95]  1642|2MASS J10285555+0050275|PLX 2456.00|1RXS J102855.9+005023|RX J1028.9+0050|ASAS J102856+0050.5|WISEA J102855.13+005020.1|UCAC4 455-050081|PM J10289+0050|WEB  9373|Gaia DR2 3855208897392952192|,Gaia DR3 3855208897392952192,TIC 277888583,./library/20240822_specmatch_nir/FITS/neidL2_20220222T064810.fits,899.773,27.8654,2022A-452266,8.29637,neidL2_20220222T064810.fits,TIC_277888583|PLX_2456|LSPM_J1028+0050|ASCC_1133482|UCAC2__32036240|USNO-B1.0_0908-00191111|8pc_138.29|AG+01_1298|BD+01__2447|Ci_20__580|G__55-24|G_162-60|GCRV__6576|GEN#_+0.00102447|GJ___393|GSC_00246-01068|HIC__51317|HIP__51317|JP11_____7|LFT__719|LHS__2272|LTT_12805|MCC_127|NAME_NC_28|NLTT_24467|PPM_156874|Ross__446|TYC__246-1068-1|UBV____9694|UBV_M____156|UBV____9672|VVO_262|Zkh_142|[ATZ98]_C060|[RHG95]__1642|2MASS_J10285555+0050275|PLX_2456.00|1RXS_J102855.9+005023|RX_J1028.9+0050|ASAS_J102856+0050.5|WISEA_J102855.13+005020.1|UCAC4_455-050081|StKM_2-642|PM_J10289+0050|GALEX_6381928538042272148|WEB__9373|Gaia_DR2_3855208897392952192
LSPM_J1105+4331W,Von Braun,3497.0,39.0,-0.03339091616501666,0.1,4.87,0.02,,GJ 412 A|HIP 54211|AP J11052903+4331357|Gaia DR3 778947814402602752|StKM 2-698|MCC 35|BD+44  2051A|TIC 252803603|PLX 2582|ASCC  407596|UCAC2  46827681|2MASS J11052903+4331357|USNO-B1.0 1335-00220263|8pc 206.94A|AC2000 1463341|AG+43 1004|AGKR  9948|BD+44  2051|CSI+44  2051  1|Ci 20  606|Ci 18 1349|FK5 4979|Furuhjelm    I-650|G 176-11|GC 15252|GCRV  6831|GEN# +0.04402051A|GSC 03012-02528|HIC  54211|IRAS F11029+4346|IRAS 11027+4347|JP11   178|JP11   179|JP11   177|LAL 21258|LFT  757|LHS    38|LTT 12976|NLTT 26245|PPM  52239|SAO  43609|TYC 3012-2528-1|UBV   10126|UBV M   3351|Zkh 150|[RHG95]  1723|LSPM J1105+4331W|WDS J11055+4332A|PM J11054+4331|CCDM J11055+4332A|** VBS   18A|AKARI-IRC-V1 J1105259+433142|WISE J110524.38+433146.2|[ZEH2003] RX J1105.5+4331  1|WISEA J110524.36+433146.2|UCAC4 668-057562|WEB  9800|Gaia DR2 778947814402405120|Karmn J11054+435|,Gaia DR3 778947814402602752,TIC 252803603,./library/20240822_specmatch_nir/FITS/neidL2_20220419T093218.fits,899.821,3.57203,2022A-452266,68.8471,neidL2_20220419T093218.fits,TIC_252803603|PLX_2582|ASCC__407596|UCAC2__46827681|2MASS_J11052903+4331357|USNO-B1.0_1335-00220263|8pc_206.94A|AC2000_1463341|AG+43_1004|AGKR__9948|BD+44__2051|CSI+44__2051__1|Ci_20__606|Ci_18_1349|FK5_4979|Furuhjelm____I-650|G_176-11|GC_15252|GCRV__6831|GEN#_+0.04402051A|GJ___412_A|GSC_03012-02528|HIC__54211|HIP__54211|IRAS_F11029+4346|IRAS_11027+4347|JP11___178|JP11___179|JP11___177|LAL_21258|LFT__757|LHS____38|LTT_12976|MCC__35|NLTT_26245|PPM__52239|SAO__43609|TYC_3012-2528-1|UBV___10126|UBV_M___3351|Zkh_150|[RHG95]__1723|LSPM_J1105+4331W|WDS_J11055+4332A|PM_J11054+4331|CCDM_J11055+4332A|**_VBS___18A|AKARI-IRC-V1_J1105259+433142|WISE_J110524.38+433146.2|[ZEH2003]_RX_J1105.5+4331__1|WISEA_J110524.36+433146.2|StKM_2-698|UCAC4_668-057562|WEB__9800|Gaia_DR2_778947814402405120|Karmn_J11054+435
GJ_251,Mann,3448.0,60.0,-0.056934435630100894,0.08,4.877,0.049,,GJ 251|HIP 33226|AP J06544902+3316058|Gaia DR3 939072613334579328|StKM 2-440|MCC 482|TIC 68581262|2MASS J06544902+3316058|IRAS 06515+3320|PLX 1609|LSPM J0654+3316|TYC 2441-572-1|ASCC  574333|UCAC2  43431171|USNO-B1.0 1232-00178536|8pc 181.32|AC +33 25644|CSI+33-06516|Ci 20  400|G  87-12|G 103-68|GCRV  4506|GEN# +9.80087012|GEN# +6.10010251|HD 265866|HIC  33226|JP11  5122|JP11  5121|JP11  5123|JP11  5120|LFT  497|LHS  1879|LTT 11941|NLTT 17147|UBV M  42939|Wolf  294|Zkh  95|[RHG95]  1094|PLX 1609.00|WISEA J065448.38+331601.2|UCAC4 617-038292|PM J06548+3316|Gaia DR1 939072609037892224|WEB  6685|Gaia DR2 939072613334579328|Karmn J06548+332|,Gaia DR3 939072613334579328,HD 265866,./library/20240822_specmatch_nir/FITS/neidL2_20220222T055903.fits,899.769,30.4378,2022A-452266,22.882,neidL2_20220222T055903.fits,TIC_68581262|2MASS_J06544902+3316058|IRAS_06515+3320|PLX_1609|LSPM_J0654+3316|TYC_2441-572-1|ASCC__574333|UCAC2__43431171|USNO-B1.0_1232-00178536|8pc_181.32|AC_+33_25644|CSI+33-06516|Ci_20__400|G__87-12|G_103-68|GCRV__4506|GEN#_+9.80087012|GEN#_+6.10010251|GJ___251|HD_265866|HIC__33226|HIP__33226|JP11__5122|JP11__5121|JP11__5123|JP11__5120|LFT__497|LHS__1879|LTT_11941|MCC_482|NLTT_17147|UBV_M__42939|Wolf__294|Zkh__95|[RHG95]__1094|PLX_1609.00|WISEA_J065448.38+331601.2|UCAC4_617-038292|StKM_2-440|PM_J06548+3316|Gaia_DR1_939072609037892224|WEB__6685|Gaia_DR2_939072613334579328|Karmn_J06548+332
GJ_507.1,Mann,3650.0,60.0,-0.27821477324486504,0.08,4.661,0.051,,GJ 9440|GJ 507.1|Karmn J13196+333|HIP 65016|GALEX J131940.0+332047|Gaia DR3 1472718211053416320|StKM 2-928|MCC 45|TIC 105618383|PLX 3047.1|CSI+33-13174|LSPM J1319+3320|TYC 2538-800-1|ASCC  588892|UCAC2  43447987|G 164-66|GEN# +9.80164066|HIC  65016|LTT 13871|NLTT 33716|Ross 1007|VVO 174|[RHG95]  2096|2MASS J13194014+3320477|USNO-B1.0 1233-00234996|PLX 3047.10|SDSS J131940.01+332046.8|2XMM J131940.1+332048|WISEA J131939.87+332046.1|GCRV  4698 E|GCRV 64025|UCAC4 617-049385|PM J13196+3320|Gaia DR1 1472718206757028480|WEB 11490|Gaia DR2 1472718211053416320|,Gaia DR3 1472718211053416320,TIC 105618383,./library/20240822_specmatch_nir/FITS/neidL2_20220514T084916.fits,899.807,41.6858,2022A-452266,-11.734,neidL2_20220514T084916.fits,TIC_105618383|PLX_3047.1|CSI+33-13174|LSPM_J1319+3320|TYC_2538-800-1|ASCC__588892|UCAC2__43447987|G_164-66|GEN#_+9.80164066|GJ___507.1|GJ__9440|HIC__65016|HIP__65016|LTT_13871|MCC__45|NLTT_33716|Ross_1007|VVO_174|[RHG95]__2096|2MASS_J13194014+3320477|USNO-B1.0_1233-00234996|PLX_3047.10|SDSS_J131940.01+332046.8|2XMM_J131940.1+332048|WISEA_J131939.87+332046.1|GCRV__4698_E|GCRV_64025|UCAC4_617-049385|StKM_2-928|PM_J13196+3320|Gaia_DR1_1472718206757028480|GALEX_6379324865516670675|WEB_11490|Gaia_DR2_1472718211053416320
GJ_273,Mann,3317.0,60.0,-0.10615148099859559,0.08,4.894,0.049,,GJ 273|HIP 36208|AP J07272450+0513329|Gaia DR3 3139847906307949696|MCC 17|PLX 1755|LSPM J0727+0513|ASCC 1029189|UCAC2  33555673|USNO-B1.0 0952-00140898|8pc 263.26|AC2000  282902|BD+05  1668|G 112-17|G  89-19|GAT 1092|GCRV  4954|GEN# +0.00501668|GSC 00173-01124|HIC  36208|IRAS 07247+0520|JP11    25|LFT  527|LHS    33|LTT 12021|NAME Luyten's star|NLTT 17881|PM 07247+0522|RAFGL  273|TYC  173-3208-1|UBV    7206|UBV M    272|VVO 207|Zkh 102|[HFE83]  515|[JHC84]  57|[RHG95]  1168|2MASS J07272450+0513329|PLX 1755.00|PM J07274+0513|WEB  7213|Gaia DR2 3139847906304421632|Karmn J07274+052|** WDK    2A|WDS J07274+0514A|TIC 318686860|,Gaia DR3 3139847906307949696,TIC 318686860,./library/20240822_specmatch_nir/FITS/neidL2_20220222T050549.fits,899.774,29.5398,2022A-452266,18.2179,neidL2_20220222T050549.fits,PLX_1755|LSPM_J0727+0513|ASCC_1029189|UCAC2__33555673|USNO-B1.0_0952-00140898|8pc_263.26|AC2000__282902|BD+05__1668|G_112-17|G__89-19|GAT_1092|GCRV__4954|GEN#_+0.00501668|GJ___273|GSC_00173-01124|HIC__36208|HIP__36208|IRAS_07247+0520|JP11____25|LFT__527|LHS____33|LTT_12021|MCC__17|NAME_Luyten's_star|NLTT_17881|PM_07247+0522|RAFGL__273|TYC__173-3208-1|UBV____7206|UBV_M____272|VVO_207|Zkh_102|[HFE83]__515|[JHC84]__57|[RHG95]__1168|2MASS_J07272450+0513329|PLX_1755.00|PM_J07274+0513|WEB__7213|Gaia_DR2_3139847906304421632|Karmn_J07274+052|**_WDK____2A|WDS_J07274+0514A|TIC_318686860
GJ_361,Mann,3500.0,60.0,-0.1373103928315918,0.08,4.739,0.05,,GJ 361|GES J09410971+1312324|HIP 47513|Gaia DR3 614543647497149056|MCC 551|1RXS J094110.6+131242|TIC 307646256|PLX 2298|AC +13  1301|LSPM J0941+1312|ASCC  948734|UCAC2  36470874|USNO-B1.0 1032-00196900|CSI+13-09385|Ci 20  540|G  42-17|GCRV  6241|GEN# +9.80042017|HIC  47513|LFT  670|LHS  2173|LTT 12562|NLTT 22345|PM 09385+1326|Ross   85|TYC  827-1159-1|[RHG95]  1528|2MASS J09411033+1312344|PLX 2298.00|WISEA J094109.88+131232.9|UCAC4 517-050105|PM J09411+1312|Gaia DR1 614543643201618304|WEB  8913|Gaia DR2 614543647497149056|Karmn J09411+132|,Gaia DR3 614543647497149056,TIC 307646256,./library/20240822_specmatch_nir/FITS/neidL2_20220514T053953.fits,899.844,22.2611,2022A-452266,11.5166,neidL2_20220514T053953.fits,TIC_307646256|PLX_2298|AC_+13__1301|LSPM_J0941+1312|ASCC__948734|UCAC2__36470874|USNO-B1.0_1032-00196900|CSI+13-09385|Ci_20__540|G__42-17|GCRV__6241|GEN#_+9.80042017|GJ___361|HIC__47513|HIP__47513|LFT__670|LHS__2173|LTT_12562|MCC_551|NLTT_22345|PM_09385+1326|Ross___85|TYC__827-1159-1|[RHG95]__1528|2MASS_J09411033+1312344|PLX_2298.00|WISEA_J094109.88+131232.9|UCAC4_517-050105|PM_J09411+1312|Gaia_DR1_614543643201618304|GALEX_6377741567696831240|WEB__8913|Gaia_DR2_614543647497149056|Karmn_J09411+132
GJ_176,Von Braun,3679.0,77.0,-0.026602227037990776,0.1,4.8,0.03,,GJ 176|HIP 21932|Gaia DR3 3409711211681795584|TIC 397354290|2MASS J04425581+1857285|PLX 1046|LSPM J0442+1857|ASCC  838914|UCAC2  38384336|USNO-B1.0 1089-00054746|BD+18   683|Ci 20  303|G  85-9|G  83-32|G   8-55|GCRV  2763|GEN# +1.00285968|GEN# +0.01800683|HD 285968|HIC  21932|JP11  3797|LFT  372|LHS   196|LTT 11495|MCC 107|NLTT 13785|PM 04400+1853|Ross   33|TYC 1275-2034-1|UBV    4524|UBV M    869|VVO 203|Zkh  64|[HFE83]  320|[RHG95]   817|PLX 1046.00|IRAS 04399+1852|AKARI-IRC-V1 J0442561+185721|Gaia DR2 3409711211681795584|WISEA J044256.24+185718.0|UCAC4 545-010524|PM J04429+1857|Gaia DR1 3409711211297795584|WEB  4214|Karmn J04429+189|1RXS J044254.6+185718|,Gaia DR3 3409711211681795584,HD 285968,./library/20240822_specmatch_nir/FITS/neidL2_20220222T042321.fits,899.821,20.8293,2022A-452266,26.1889,neidL2_20220222T042321.fits,TIC_397354290|2MASS_J04425581+1857285|PLX_1046|LSPM_J0442+1857|ASCC__838914|UCAC2__38384336|USNO-B1.0_1089-00054746|BD+18___683|Ci_20__303|G__85-9|G__83-32|G___8-55|GCRV__2763|GEN#_+1.00285968|GEN#_+0.01800683|GJ___176|HD_285968|HIC__21932|HIP__21932|JP11__3797|LFT__372|LHS___196|LTT_11495|MCC_107|NLTT_13785|PM_04400+1853|Ross___33|TYC_1275-2034-1|UBV____4524|UBV_M____869|VVO_203|Zkh__64|[HFE83]__320|[RHG95]___817|PLX_1046.00|IRAS_04399+1852|AKARI-IRC-V1_J0442561+185721|Gaia_DR2_3409711211681795584|WISEA_J044256.24+185718.0|UCAC4_545-010524|PM_J04429+1857|Gaia_DR1_3409711211297795584|WEB__4214|Karmn_J04429+189|1RXS_J044254.6+185718
GJ_9066,Mann,3080.0,60.0,0.42847577321077596,0.08,5.053,0.053,,GJ 9066|GJ 83.1|AP J02001278+1303112|Gaia DR3 76868614540049408|TIC 404715018|LSPM J0200+1303|UCAC2  36403434|2MASS J02001278+1303112|USNO-B1.0 1030-00025765|2E   510|8pc 224.80|CSI+12-01575|G   3-33|G  73-12|GSC 00629-01255|JP11  5196|L 1159-16|LFT  171|LHS    11|LP  469-42|LTT 10681|NLTT  6690|PM 01575+1250|UBV M  43000|USNO 109|V* TZ Ari|Zkh  36|[GS83]  70|[R78b]  95|[RHG95]   358|PLX  412.02|1RXS J020012.5+130317|2E 0157.5+1249|RX J0200.2+1303|[ZEH2003] RX J0200.2+1303  1|[GKL99] 52|WISEA J020013.74+130248.6|UCAC4 516-003340|PM J02002+1303|Gaia DR2 76868614540049408|Karmn J02002+130|,Gaia DR3 76868614540049408,Gaia DR2 76868614540049408,./library/20240822_specmatch_nir/FITS/neidL2_20220222T024533.fits,899.801,6.36931,2022A-452266,-28.569,neidL2_20220222T024533.fits,TIC_404715018|LSPM_J0200+1303|UCAC2__36403434|2MASS_J02001278+1303112|USNO-B1.0_1030-00025765|2E___510|8pc_224.80|CSI+12-01575|G___3-33|G__73-12|GJ____83.1|GJ__9066|GSC_00629-01255|JP11__5196|L_1159-16|LFT__171|LHS____11|LP__469-42|LTT_10681|NLTT__6690|PM_01575+1250|UBV_M__43000|USNO_109|V*_TZ_Ari|Zkh__36|[GS83]__70|[R78b]__95|[RHG95]___358|PLX__412.02|1RXS_J020012.5+130317|2E_0157.5+1249|RX_J0200.2+1303|[ZEH2003]_RX_J0200.2+1303__1|[GKL99]_52|WISEA_J020013.74+130248.6|UCAC4_516-003340|PM_J02002+1303|GALEX_6377389729346749191|Gaia_DR2_76868614540049408|Karmn_J02002+130
BD+29_2279,Mann,3993.0,60.0,0.2876033225708279,0.08,4.669,0.056,,GJ 9404|GJ 459.3|HIP 60093|Gaia DR3 4010201828880793984|StKM 2-818|MCC 644|TIC 328860504|PLX 2838|LSPM J1219+2822|ASCC  684708|UCAC2  41716815|USNO-B1.0 1183-00212601|BD+29  2279|BPS BS 16026-0017|Ci 20  695|G 148-45|G 121-77|GCRV  7388|GEN# +0.02902279|HIC  60093|LFT  896|LHS  2544|LTT 13444|NGP 29  77|NLTT 30331|PM 12169+2840|TYC 1991-1020-1|VVO  14|Wolf  408|[RHG95]  1935|p. MC 560 4|2MASS J12192407+2822566|PLX 2838.00|WISEA J121923.57+282257.3|UCAC4 592-048933|PM J12194+2822|Gaia DR1 4010201858944875392|WEB 10685|Gaia DR2 4010201828880793984|,Gaia DR3 4010201828880793984,TIC 328860504,./library/20240822_specmatch_nir/FITS/neidL2_20220514T082754.fits,899.841,43.2033,2022A-452266,-0.7434,neidL2_20220514T082754.fits,TIC_328860504|PLX_2838|GJ__9404|LSPM_J1219+2822|ASCC__684708|UCAC2__41716815|USNO-B1.0_1183-00212601|BD+29__2279|BPS_BS_16026-0017|Ci_20__695|G_148-45|G_121-77|GCRV__7388|GEN#_+0.02902279|GJ___459.3|HIC__60093|HIP__60093|LFT__896|LHS__2544|LTT_13444|MCC_644|NGP_29__77|NLTT_30331|PM_12169+2840|TYC_1991-1020-1|VVO__14|Wolf__408|[RHG95]__1935|p._MC_560_4|2MASS_J12192407+2822566|PLX_2838.00|WISEA_J121923.57+282257.3|UCAC4_592-048933|StKM_2-818|PM_J12194+2822|Gaia_DR1_4010201858944875392|WEB_10685|Gaia_DR2_4010201828880793984
GJ_686,Mann,3657.0,60.0,-0.26798086700276574,0.08,4.829,0.048,,GJ 686|HIP 86287|Gaia DR3 4550763526539955712|StKM 2-1329|TIC 230241767|PLX 4009|LSPM J1737+1835|ASCC  878749|UCAC2  38455998|USNO-B1.0 1085-00280931|AC +18  1453|AC +18  1459-48|AG+18 1586|BD+18  3421|CSI+18-17356|Ci 18 2347|Ci 20 1050|G 170-55|GCRV 10187|GEN# +0.01803421|HIC  86287|IRAS 17356+1836|L 1278-24|LFT 1363|LHS   452|LTT 15228|MCC 169|NLTT 45173|PPM 133635|TYC 1555-1029-1|UBV   15007|VVO  64|Zkh 259|[RHG95]  2792|2MASS J17375330+1835295|PLX 4009.00|NSV 23111|WISEA J173754.04+183540.0|PM J17378+1835|WEB 14554|Gaia DR2 4550763526539955712|Karmn J17378+185|,Gaia DR3 4550763526539955712,TIC 230241767,./library/20240822_specmatch_nir/FITS/neidL2_20220610T105554.fits,899.831,71.7325,2022A-452266,-9.5746,neidL2_20220610T105554.fits,TIC_230241767|PLX_4009|LSPM_J1737+1835|ASCC__878749|UCAC2__38455998|USNO-B1.0_1085-00280931|AC_+18__1453|AC_+18__1459-48|AG+18_1586|BD+18__3421|CSI+18-17356|Ci_18_2347|Ci_20_1050|G_170-55|GCRV_10187|GEN#_+0.01803421|GJ___686|HIC__86287|HIP__86287|IRAS_17356+1836|L_1278-24|LFT_1363|LHS___452|LTT_15228|MCC_169|NLTT_45173|PPM_133635|TYC_1555-1029-1|UBV___15007|VVO__64|Zkh_259|[RHG95]__2792|2MASS_J17375330+1835295|PLX_4009.00|NSV_23111|WISEA_J173754.04+183540.0|StKM_2-1329|PM_J17378+1835|WEB_14554|Gaia_DR2_4550763526539955712|Karmn_J17378+185
GJ_2066,Mann,3500.0,60.0,0.12483250994799512,0.08,4.766,0.049,,GJ 2066|HIP 40501|Gaia DR3 3089711447388931584|StKM 2-486|TIC 455139555|LSPM J0816+0118|TYC  196-1309-1|ASCC 1126826|UCAC2  32192525|USNO-B1.0 0913-00160889|G 113-20|GEN# +9.80113020|HIC  40501|NLTT 19217|UBV M  53750|[RHG95]  1299|2MASS J08160798+0118091|PLX 1965.12|WISEA J081607.71+011810.1|UCAC4 457-041317|PM J08161+0118|Gaia DR1 3089711374373226752|Gaia DR2 3089711447388931584|Karmn J08161+013|,Gaia DR3 3089711447388931584,TIC 455139555,./library/20240822_specmatch_nir/FITS/neidL2_20220106T112107.fits,899.83,42.4483,2021B-0435,62.1525,neidL2_20220106T112107.fits,TIC_455139555|LSPM_J0816+0118|TYC__196-1309-1|ASCC_1126826|UCAC2__32192525|USNO-B1.0_0913-00160889|G_113-20|GEN#_+9.80113020|GJ__2066|HIC__40501|HIP__40501|NLTT_19217|UBV_M__53750|[RHG95]__1299|2MASS_J08160798+0118091|PLX_1965.12|WISEA_J081607.71+011810.1|UCAC4_457-041317|StKM_2-486|PM_J08161+0118|Gaia_DR1_3089711374373226752|Gaia_DR2_3089711447388931584|Karmn_J08161+013
GJ_809,Von Braun,3692.0,22.0,0.40431386759469096,0.1,4.72,0.01,,GJ 809|AP J20531977+6209156|Gaia DR3 2195886971653527168|Karmn J20533+621|TIC 365670764|8pc 141.95|PLX 5012|LSPM J2053+6209|TYC 4251-655-1|ASCC  143946|AG+61 1227|BD+61  2068|CCDM J20532+6210A|CSI+61  2068  1|Ci 18 2707|Ci 20 1238|DO 38993|G 231-19|G 262-30|GCRV 13127|GEN# +1.00199305|HD 199305|HIC 103096|HIP 103096|IDS 20513+6148 A|IRAS 20522+6158A|JP11  3294|LFT 1580|LHS  3595|LTT 16113|MCC 199|NLTT 50124|PPM  22451|UBV   18110|UBV M  25276|VVO 109|Zkh 314|[HFE83] 1402|[RHG95]  3263|2MASS J20531977+6209156|USNO-B1.0 1521-00338444|PLX 5012.00|1RXS J205319.0+620928|WDS J20533+6209A|** BUP  219A|WISEA J205319.80+620907.8|UCAC4 761-057971|PM J20533+6209|Gaia DR1 2195886967353517312|WEB 18720|Gaia DR2 2195886971653527168|,Gaia DR3 2195886971653527168,HD 199305,./library/20240822_specmatch_nir/FITS/neidL2_20220610T095731.fits,899.848,114.977,2022A-452266,-17.194,neidL2_20220610T095731.fits,TIC_365670764|8pc_141.95|PLX_5012|LSPM_J2053+6209|TYC_4251-655-1|ASCC__143946|AG+61_1227|BD+61__2068|CCDM_J20532+6210A|CSI+61__2068__1|Ci_18_2707|Ci_20_1238|DO_38993|G_231-19|G_262-30|GCRV_13127|GEN#_+1.00199305|HD_199305|HIC_103096|HIP_103096|IDS_20513+6148_A|IRAS_20522+6158A|JP11__3294|LFT_1580|LHS__3595|LTT_16113|MCC_199|NLTT_50124|PPM__22451|UBV___18110|UBV_M__25276|VVO_109|Zkh_314|[HFE83]_1402|[RHG95]__3263|2MASS_J20531977+6209156|USNO-B1.0_1521-00338444|PLX_5012.00|1RXS_J205319.0+620928|WDS_J20533+6209A|GJ___809|**_BUP__219A|WISEA_J205319.80+620907.8|UCAC4_761-057971|PM_J20533+6209|Gaia_DR1_2195886967353517312|WEB_18720|Gaia_DR2_2195886971653527168
V*_V2689_Ori,Mann,3966.0,60.0,-0.2570894282203903,0.08,4.691,0.048,,GJ 208|GES J05363097+1119395|HIP 26335|Gaia DR3 3339921875389105152|StKM 2-419|MCC 464|TIC 436248822|2MASS J05363099+1119401|2RE J053634+111836|2RE J0536+111|AG+11  546|BD+11   878|GCRV 56437|GEN# +1.00245409|GSC 00709-00063|HD 245409|HIC  26335|PPM 121171|RE J053634+111834|RE J0536+111|SAO  94695|TYC  709-63-1|VVO  38|YZ  11  1712|[RHG95]   944|PLX 1281.01|1RXS J053632.0+111935|V* V2689 Ori|ASAS J053631+1119.7|IRAS 05336+1117|AKARI-IRC-V1 J0536309+111940|ASAS J053631+1119.5|UCAC4 507-012838|PM J05365+1119|Gaia DR1 3339921875389105152|WEB  5189|Gaia DR2 3339921875389105152|Karmn J05365+113|** TOK  255A|WDS J05365+1120A|,Gaia DR3 3339921875389105152,HD 245409,./library/20240822_specmatch_nir/FITS/neidL2_20211220T103615.fits,899.816,135.101,2021B-0435,22.0085,neidL2_20211220T103615.fits,TIC_436248822|2MASS_J05363099+1119401|2RE_J053634+111836|2RE_J0536+111|AG+11__546|BD+11___878|GCRV_56437|GEN#_+1.00245409|GJ___208|GSC_00709-00063|HD_245409|HIC__26335|HIP__26335|MCC_464|PPM_121171|RE_J053634+111834|RE_J0536+111|SAO__94695|TYC__709-63-1|VVO__38|YZ__11__1712|[RHG95]___944|PLX_1281.01|1RXS_J053632.0+111935|V*_V2689_Ori|ASAS_J053631+1119.7|IRAS_05336+1117|AKARI-IRC-V1_J0536309+111940|ASAS_J053631+1119.5|UCAC4_507-012838|StKM_2-419|PM_J05365+1119|Gaia_DR1_3339921875389105152|WEB__5189|Gaia_DR2_3339921875389105152|Karmn_J05365+113|**_TOK__255A|WDS_J05365+1120A
GJ_134,Mann,3700.0,61.0,-0.14327208024066512,0.08,4.648,0.053,,GJ 134|HIP 15366|Gaia DR3 235383247412615936|StKM 2-274|TIC 178078333|2MASS J03180742+3815081|PLX  681|LSPM J0318+3815|TYC 2848-1804-1|ASCC  466667|UCAC2  45124656|USNO-B1.0 1282-00075547|BD+37   748|Ci 20  221|G  95-25|G  78-31|GCRV  1816|GEN# +1.00275122|HD 275122|HIC  15366|LFT  271|LHS  1528|LTT 11082|MCC 100|NLTT 10461|VVO  10|VVO 305|Wolf 1325|[HFE83]  213|[RHG95]   590|PLX  681.00|WISEA J031807.86+381501.7|UCAC4 642-013265|PM J03181+3815|WEB  2955|Gaia DR2 235383247412615936|Karmn J03181+382|,Gaia DR3 235383247412615936,HD 275122,./library/20240822_specmatch_nir/FITS/neidL2_20220209T045227.fits,899.781,36.0799,2022A-452266,-4.2594,neidL2_20220209T045227.fits,TIC_178078333|2MASS_J03180742+3815081|PLX__681|LSPM_J0318+3815|TYC_2848-1804-1|ASCC__466667|UCAC2__45124656|USNO-B1.0_1282-00075547|BD+37___748|Ci_20__221|G__95-25|G__78-31|GCRV__1816|GEN#_+1.00275122|GJ___134|HD_275122|HIC__15366|HIP__15366|LFT__271|LHS__1528|LTT_11082|MCC_100|NLTT_10461|VVO__10|VVO_305|Wolf_1325|[HFE83]__213|[RHG95]___590|PLX__681.00|WISEA_J031807.86+381501.7|UCAC4_642-013265|StKM_2-274|PM_J03181+3815|GALEX_6373026908007826216|WEB__2955|Gaia_DR2_235383247412615936|Karmn_J03181+382
GJ_806,Mann,3542.0,61.0,0.04118792361244736,0.08,4.781,0.05,,GJ 806|TOI-4481|Gaia DR3 2070115588901082368|TIC 239332587|PLX 4951|LSPM J2045+4429|ASCC  436187|UCAC2  46961244|USNO-B1.0 1344-00401190|AC +44   871|BD+44  3567|CCDM J20451+4430A|CSI+44-20433|Ci 20 1228|G 209-41|GCRV 13011|GEN# +6.10010806|HIC 102401|HIP 102401|JP11  5177|LFT 1568|LHS  3577|LTT 16068|NLTT 49843|NSV 13280|TYC 3178-633-1|USNO 897|[RHG95]  3247|p. Pulk 40|2MASS J20450403+4429562|PLX 4951.00|WISEA J204504.52+442959.4|UCAC4 673-089122|PM J20450+4429|Gaia DR1 2070115584598613632|WEB 18540|Gaia DR2 2070115588901082368|Karmn J20450+444|,Gaia DR3 2070115588901082368,TIC 239332587,./library/20240822_specmatch_nir/FITS/neidL2_20220610T101637.fits,899.794,42.0564,2022A-452266,-24.72,neidL2_20220610T101637.fits,TIC_239332587|PLX_4951|LSPM_J2045+4429|ASCC__436187|UCAC2__46961244|USNO-B1.0_1344-00401190|AC_+44___871|BD+44__3567|CCDM_J20451+4430A|CSI+44-20433|Ci_20_1228|G_209-41|GCRV_13011|GEN#_+6.10010806|GJ___806|HIC_102401|HIP_102401|JP11__5177|LFT_1568|LHS__3577|LTT_16068|NLTT_49843|NSV_13280|TYC_3178-633-1|USNO_897|[RHG95]__3247|p._Pulk_40|2MASS_J20450403+4429562|PLX_4951.00|WISEA_J204504.52+442959.4|UCAC4_673-089122|PM_J20450+4429|Gaia_DR1_2070115584598613632|WEB_18540|Gaia_DR2_2070115588901082368|Karmn_J20450+444
GJ_436,Von Braun,3416.0,53.0,-0.047577700096666065,0.1,4.83,0.03,,GJ 436|GES J11421213+2642109|HIP 57087|NAME Noquisi|TOI-1796|AP J11421096+2642251|Gaia DR3 4017860992519744384|StKM 2-754|TIC 138819293|TYC 1984-2613-1|PLX 2704.1|1RXS J114211.9+264328|LSPM J1142+2642|ASCC  683818|UCAC2  41198281|2MASS J11421096+2642251|USNO-B1.0 1167-00204205|AC +27 28217|BPS BS 15625-0002|CSI+26-11395|CSI+27-11395|CSI+27-11394|G 120-68|G 147-68|G 121-7|GCRV  7104|GEN# +9.80120068|HIC  57087|LFT  838|LHS   310|LP  319-75|LTT 13213|MCC 616|NLTT 28288|PM 11395+2700|Ross  905|VVO 171|Zkh 164|[RHG95]  1830|PLX 2704.10|Gaia DR2 4017860992519744384|WISEA J114211.79+264215.1|UCAC4 584-046777|PM J11421+2642|Gaia DR1 4017861056947245696|WEB 10275|Karmn J11421+267|,Gaia DR3 4017860992519744384,TIC 138819293,./library/20240822_specmatch_nir/FITS/neidL2_20220517T070939.fits,899.832,51.8151,2022A-452266,9.56313,neidL2_20220517T070939.fits,TIC_138819293|TYC_1984-2613-1|PLX_2704.1|1RXS_J114211.9+264328|LSPM_J1142+2642|ASCC__683818|UCAC2__41198281|2MASS_J11421096+2642251|USNO-B1.0_1167-00204205|AC_+27_28217|BPS_BS_15625-0002|CSI+26-11395|CSI+27-11395|CSI+27-11394|G_120-68|G_147-68|G_121-7|GCRV__7104|GEN#_+9.80120068|GJ___436|HIC__57087|HIP__57087|LFT__838|LHS___310|LP__319-75|LTT_13213|MCC_616|NLTT_28288|PM_11395+2700|Ross__905|VVO_171|Zkh_164|[RHG95]__1830|PLX_2704.10|Gaia_DR2_4017860992519744384|WISEA_J114211.79+264215.1|UCAC4_584-046777|StKM_2-754|PM_J11421+2642|Gaia_DR1_4017861056947245696|WEB_10275|Karmn_J11421+267
GJ_353,Mann,3692.0,60.0,0.20255401623184444,0.08,4.736,0.05,,GJ 353|HIP 46769|GALEX J093156.2+361911|Gaia DR3 798914636327665536|StKM 2-574|MCC 548|TIC 450298091|PLX 2262|LSPM J0931+3619|TYC 2500-1091-1|ASCC  489609|UCAC2  44484581|AG+36  930|BD+36  1970|Ci 20  532|G 116-36|G 117-21|GCRV  6165|HIC  46769|LFT  655|LHS  2155|LTT 12516|NLTT 21970|PPM  74582|SAO  61548|[RHG95]  1509|2MASS J09315632+3619129|USNO-B1.0 1263-00176780|PLX 2262.00|WISEA J093156.14+361907.5|UCAC4 632-045179|PM J09319+3619|Gaia DR1 798914632030688896|WEB  8824|Gaia DR2 798914636327665536|Karmn J09319+363|,Gaia DR3 798914636327665536,TIC 450298091,./library/20240822_specmatch_nir/FITS/neidL2_20220419T032546.fits,899.801,53.5331,2022A-452266,19.7794,neidL2_20220419T032546.fits,TIC_450298091|PLX_2262|LSPM_J0931+3619|TYC_2500-1091-1|ASCC__489609|UCAC2__44484581|AG+36__930|BD+36__1970|Ci_20__532|G_116-36|G_117-21|GCRV__6165|GJ___353|HIC__46769|HIP__46769|LFT__655|LHS__2155|LTT_12516|MCC_548|NLTT_21970|PPM__74582|SAO__61548|[RHG95]__1509|2MASS_J09315632+3619129|USNO-B1.0_1263-00176780|PLX_2262.00|WISEA_J093156.14+361907.5|UCAC4_632-045179|StKM_2-574|PM_J09319+3619|Gaia_DR1_798914632030688896|GALEX_6373906508722210222|WEB__8824|Gaia_DR2_798914636327665536|Karmn_J09319+363
GJ_109,Mann,3405.0,60.0,0.1889417843268173,0.08,4.852,0.049,,GJ 109|HIP 12781|Gaia DR3 114207651462714880|MCC 400|TIC 436856183|PLX  555|LSPM J0244+2531|ASCC  654779|UCAC2  40803044|2MASS J02441537+2531249|USNO-B1.0 1155-00031777|1RXS J024416.0+253134|8pc 132.42|AC +25  7918|CSI+25-02413|Ci 20  180|G  36-31|GCRV  1544|GEN# +6.10010109|GEN# +9.80036031|HIC  12781|JP11  5109|LFT  224|LHS  1439|LTT 10897|NLTT  8817|PM 02413+2519|Ross  556|TYC 1772-986-1|UBV M  42925|UBV    2710|V* VX Ari|VVO  51|Zkh  46|[GS83]  68|[RHG95]   492|PLX  555.00|RX J0244.2+2531|[ZEH2003] RX J0244.2+2531  1|[GKL99] 75|WISEA J024416.15+253120.5|StKM 2-231|UCAC4 578-006105|PM J02442+2531|WEB  2599|Gaia DR2 114207651462714880|Karmn J02442+255|,Gaia DR3 114207651462714880,TIC 436856183,./library/20240822_specmatch_nir/FITS/neidL2_20211219T071619.fits,899.847,29.6626,2021B-0435,30.5209,neidL2_20211219T071619.fits,TIC_436856183|PLX__555|LSPM_J0244+2531|ASCC__654779|UCAC2__40803044|2MASS_J02441537+2531249|USNO-B1.0_1155-00031777|1RXS_J024416.0+253134|8pc_132.42|AC_+25__7918|CSI+25-02413|Ci_20__180|G__36-31|GCRV__1544|GEN#_+6.10010109|GEN#_+9.80036031|GJ___109|HIC__12781|HIP__12781|JP11__5109|LFT__224|LHS__1439|LTT_10897|MCC_400|NLTT__8817|PM_02413+2519|Ross__556|TYC_1772-986-1|UBV_M__42925|UBV____2710|V*_VX_Ari|VVO__51|Zkh__46|[GS83]__68|[RHG95]___492|PLX__555.00|RX_J0244.2+2531|[ZEH2003]_RX_J0244.2+2531__1|[GKL99]_75|WISEA_J024416.15+253120.5|StKM_2-231|UCAC4_578-006105|PM_J02442+2531|GALEX_6377037839452865034|WEB__2599|Gaia_DR2_114207651462714880|Karmn_J02442+255
GJ_581,Von Braun,3442.0,54.0,0.4431006657781297,0.1,4.97,0.03,,GJ 581|GES J15192557-0743217|HIP 74995|Gaia DR3 6322070093095493504|StKM 2-1135|MCC 159|Karmn J15194-077|TIC 36853511|Gaia DR2 6322070093095493504|WISEA J151925.96-074321.2|PM J15194-0743E|TYC 5594-1093-1|PLX 3458|8pc 159.52|BD-07  4003|Ci 20  923|G 151-46|G 152-9|GCRV  8863|GEN# -0.00704003|GSC 05594-00593|HIC  74995|JP11   273|LFT 1195|LHS   394|LPM 564|LTT  6112|NLTT 39886|NSV  7023|UBV   13194|UBV M   5243|V* HO Lib|Wolf  562|Zkh 217|[RHG95]  2420|PLX 3458.00|2MASS J15192689-0743200|UCAC3 165-136246|DENIS J151926.8-074319|UCAC2  29110263|UCAC4 412-059591|Gaia DR1 6322069882641960448|WEB 12795|,Gaia DR3 6322070093095493504,TIC 36853511,./library/20240822_specmatch_nir/FITS/neidL2_20220515T091733.fits,899.783,39.1142,2022A-452266,-9.465,neidL2_20220515T091733.fits,TIC_36853511|Gaia_DR2_6322070093095493504|WISEA_J151925.96-074321.2|PM_J15194-0743E|StKM_2-1135|TYC_5594-1093-1|PLX_3458|8pc_159.52|BD-07__4003|Ci_20__923|G_151-46|G_152-9|GCRV__8863|GEN#_-0.00704003|GJ___581|GSC_05594-00593|HIC__74995|HIP__74995|JP11___273|LFT_1195|LHS___394|LPM_564|LTT__6112|MCC_159|NLTT_39886|NSV__7023|UBV___13194|UBV_M___5243|V*_HO_Lib|Wolf__562|Zkh_217|[RHG95]__2420|PLX_3458.00|2MASS_J15192689-0743200|UCAC3_165-136246|DENIS_J151926.8-074319|UCAC2__29110263|UCAC4_412-059591|Gaia_DR1_6322069882641960448|WEB_12795
GJ_514,Mann,3727.0,61.0,-0.19588086592324705,0.08,4.792,0.048,,GJ 514|GES J13300080+1022234|HIP 65859|Karmn J13299+102|AP J13295979+1022376|Gaia DR3 3738099879558957952|StKM 2-947|TIC 404519959|PLX 3079|LSPM J1329+1022|TYC  895-317-1|ASCC  955736|UCAC2  35403307|USNO-B1.0 1003-00216029|8pc 131.12|AG+10 1630|BD+11  2576|Ci 20  782|G  63-34|GCRV  8008|GEN# +0.01102576|HIC  65859|JP11    45|LFT 1012|LHS   352|LTT 13925|MCC 143|NLTT 34287|PM 13275+1039|PPM 129864|Ross  490|UBV   12123|UBV   12139|UBV M    489|VVO   5|Zkh 200|[RHG95]  2123|2MASS J13295979+1022376|PLX 3079.00|[ZEH2003] RX J1329.9+1022  2|1RXS J132958.5+102252|[FS2003] 0673|RX J1329.9+1022|AKARI-IRC-V1 J1330002+102230|IRAS 13275+1038|WISEA J133000.58+102226.4|UCAC4 502-056873|PM J13299+1022|WEB 11651|Gaia DR2 3738099879558957952|,Gaia DR3 3738099879558957952,TIC 404519959,./library/20240822_specmatch_nir/FITS/neidL2_20211219T120223.fits,899.835,111.631,2021B-0435,14.5232,neidL2_20211219T120223.fits,TIC_404519959|PLX_3079|LSPM_J1329+1022|TYC__895-317-1|ASCC__955736|UCAC2__35403307|USNO-B1.0_1003-00216029|8pc_131.12|AG+10_1630|BD+11__2576|Ci_20__782|G__63-34|GCRV__8008|GEN#_+0.01102576|GJ___514|HIC__65859|HIP__65859|JP11____45|LFT_1012|LHS___352|LTT_13925|MCC_143|NLTT_34287|PM_13275+1039|PPM_129864|Ross__490|UBV___12123|UBV___12139|UBV_M____489|VVO___5|Zkh_200|[RHG95]__2123|2MASS_J13295979+1022376|PLX_3079.00|[ZEH2003]_RX_J1329.9+1022__2|1RXS_J132958.5+102252|[FS2003]_0673|RX_J1329.9+1022|AKARI-IRC-V1_J1330002+102230|IRAS_13275+1038|WISEA_J133000.58+102226.4|UCAC4_502-056873|StKM_2-947|PM_J13299+1022|GALEX_6378656384993461793|WEB_11651|Gaia_DR2_3738099879558957952
GJ_96,Mann,3785.0,62.0,0.20383920380789405,0.08,4.672,0.048,,GJ 96|LAMOST J022214.64+475248.1|HIP 11048|Gaia DR3 354077348697687424|StKM 2-205|MCC 96|TIC 409527090|2MASS J02221463+4752481|PLX  481|LSPM J0222+4752|TYC 3298-1434-1|ASCC  306934|UCAC2  47696767|USNO-B1.0 1378-00062837|AG+47  261|BD+47   612|G 173-53|GCRV  1326|GEN# +0.04700612|HIC  11048|JP11   188|NLTT  7753|PPM  45026|UBV    2437|UBV M   3608|VVO 126|Zkh  41|[RHG95]   427|PLX  481.00|1RXS J022214.1+475304|WISEA J022214.85+475248.5|UCAC4 690-014940|PM J02222+4752|WEB  2324|Gaia DR2 354077348697687424|Karmn J02222+478|,Gaia DR3 354077348697687424,TIC 409527090,./library/20240822_specmatch_nir/FITS/neidL2_20211219T073811.fits,899.792,57.2395,2021B-0435,-38.017,neidL2_20211219T073811.fits,TIC_409527090|2MASS_J02221463+4752481|PLX__481|LSPM_J0222+4752|TYC_3298-1434-1|ASCC__306934|UCAC2__47696767|USNO-B1.0_1378-00062837|AG+47__261|BD+47___612|G_173-53|GCRV__1326|GEN#_+0.04700612|GJ____96|HIC__11048|HIP__11048|JP11___188|MCC__96|NLTT__7753|PPM__45026|UBV____2437|UBV_M___3608|VVO_126|Zkh__41|[RHG95]___427|PLX__481.00|1RXS_J022214.1+475304|WISEA_J022214.85+475248.5|UCAC4_690-014940|StKM_2-205|PM_J02222+4752|GALEX_6372815757751878097|WEB__2324|Gaia_DR2_354077348697687424|Karmn_J02222+478
GJ_172,Mann,3929.0,60.0,0.3852912900455902,0.08,4.684,0.048,,GJ 172|HIP 21553|Gaia DR3 272855565763652480|MCC 449|TIC 274545692|2MASS J04374092+5253372|PLX 1010|LSPM J0437+5253|TYC 3732-542-1|ASCC  244104|USNO-B1.0 1428-00155067|AG+52  450|BD+52   857|Ci 18  594|Ci 20  298|G 175-42|G 191-4|GCRV  2695|GEN# +1.00232979|HD 232979|HIC  21553|IRAS 04337+5247|L 1742-6|LFT  362|LHS  1688|LTT 11464|NLTT 13604|PPM  29269|SAO  24722|UBV    4415|UBV M  27782|VVO 235|YZ  52  1893|YZC 26  1893|[GKL99] 123|[RHG95]   799|PLX 1010.00|1RXS J043740.6+525346|WISEA J043741.24+525332.2|UCAC4 715-033323|PM J04376+5253|Gaia DR1 272855561463141248|WEB  4137|Gaia DR2 272855565762295680|Karmn J04376+528|** CSN    6A|WDS J04377+5254A|WISE J043741.26+525332.2|,Gaia DR3 272855565763652480,HD 232979,./library/20240822_specmatch_nir/FITS/neidL2_20220314T035103.fits,899.804,67.5617,2022A-452266,34.3942,neidL2_20220314T035103.fits,TIC_274545692|2MASS_J04374092+5253372|PLX_1010|LSPM_J0437+5253|TYC_3732-542-1|ASCC__244104|USNO-B1.0_1428-00155067|AG+52__450|BD+52___857|Ci_18__594|Ci_20__298|G_175-42|G_191-4|GCRV__2695|GEN#_+1.00232979|GJ___172|HD_232979|HIC__21553|HIP__21553|IRAS_04337+5247|L_1742-6|LFT__362|LHS__1688|LTT_11464|MCC_449|NLTT_13604|PPM__29269|SAO__24722|UBV____4415|UBV_M__27782|VVO_235|YZ__52__1893|YZC_26__1893|[GKL99]_123|[RHG95]___799|PLX_1010.00|1RXS_J043740.6+525346|WISEA_J043741.24+525332.2|UCAC4_715-033323|PM_J04376+5253|Gaia_DR1_272855561463141248|WEB__4137|Gaia_DR2_272855565762295680|Karmn_J04376+528|**_CSN____6A|WDS_J04377+5254A|WISE_J043741.26+525332.2
GJ_1172,Gaidos,3904.21,266.489,-0.03030270387561436,0.1,4.7,0.07,,GJ 1172|HIP 66222|Gaia DR3 3714667225186824064|StKM 2-955|MCC 48|TIC 365159477|PLX 3099.1|LSPM J1334+0440|ASCC 1139143|UCAC2  33403663|USNO-B1.0 0946-00216494|AG+04 1720|BD+05  2767|G  62-50|GCRV 64207|GEN# +0.00502767|GSC 00310-00369|HIC  66222|LTT 13947|NLTT 34499|PPM 159880|SAO 120011|TYC  310-369-1|Wolf 1487|YZ   4  6444|YZC 22  6444|[RHG95]  2137|2MASS J13342150+0440026|PLX 3099.10|WISEA J133421.60+044001.3|UCAC4 474-049887|PM J13343+0440|WEB 11698|Gaia DR2 3714667225186824064|Karmn J13343+046|,Gaia DR3 3714667225186824064,TIC 365159477,./library/20240822_specmatch_nir/FITS/neidL2_20211219T112208.fits,899.823,60.9806,2021B-0435,14.9342,neidL2_20211219T112208.fits,TIC_365159477|PLX_3099.1|LSPM_J1334+0440|ASCC_1139143|UCAC2__33403663|USNO-B1.0_0946-00216494|AG+04_1720|BD+05__2767|G__62-50|GCRV_64207|GEN#_+0.00502767|GJ__1172|GSC_00310-00369|HIC__66222|HIP__66222|LTT_13947|MCC__48|NLTT_34499|PPM_159880|SAO_120011|TYC__310-369-1|Wolf_1487|YZ___4__6444|YZC_22__6444|[RHG95]__2137|2MASS_J13342150+0440026|PLX_3099.10|WISEA_J133421.60+044001.3|UCAC4_474-049887|StKM_2-955|PM_J13343+0440|WEB_11698|Gaia_DR2_3714667225186824064|Karmn_J13343+046
LSPM_J1916+0510,Mann,3558.0,60.0,0.08281920340611783,0.08,4.764,0.048,,GJ 752 A|GJ 752|HIP 94761|AP J19165526+0510086|Gaia DR3 4293318823182081408|MCC 65|TIC 176188045|PLX 4494|UCAC2  33630690|LSPM J1916+0510|ASCC 1070266|2MASS J19165526+0510086|USNO-B1.0 0951-00432102|2E  4216|8pc 170.26A|AG+05 2703|BD+04  4048|CSI+04  4048  1|Ci 20 1143|DO  5540|G  22-22|G 142-24|GCRV 11733|GEN# +1.00180617A|GSC 00472-01252|HD 180617|HIC  94761|JP11  3084|LFT 1466|LHS   473|LTT 15645|NLTT 47619|PPM 167538|Ross  652|TYC  472-1252-1|UBV   16316|UBV M  23632|V* V1428 Aql|VVO  69|Wolf 1055|Zkh 288|[GKL99] 369|[HFE83] 1274|[RHG95]  3037|1E 191429+0505.5|2E 1914.4+0505|WDS J19169+0510A|IRAS 19145+0505|CCDM J19169+0510A|** LDS 6334A|PM 19145+0505|GCRV 69237|PM J19169+0510|UCAC4 476-093846|Gaia DR1 4293318818833464832|WEB 16538|Gaia DR2 4293318823182081408|Karmn J19169+051N|,Gaia DR3 4293318823182081408,HD 180617,./library/20240822_specmatch_nir/FITS/neidL2_20220610T073041.fits,899.819,95.7664,2022A-452266,35.8404,neidL2_20220610T073041.fits,TIC_176188045|PLX_4494|UCAC2__33630690|LSPM_J1916+0510|ASCC_1070266|2MASS_J19165526+0510086|USNO-B1.0_0951-00432102|2E__4216|8pc_170.26A|AG+05_2703|BD+04__4048|CSI+04__4048__1|Ci_20_1143|DO__5540|G__22-22|G_142-24|GCRV_11733|GEN#_+1.00180617A|GJ___752_A|GSC_00472-01252|HD_180617|HIC__94761|HIP__94761|JP11__3084|LFT_1466|LHS___473|LTT_15645|MCC__65|NLTT_47619|PPM_167538|Ross__652|TYC__472-1252-1|UBV___16316|UBV_M__23632|V*_V1428_Aql|VVO__69|Wolf_1055|Zkh_288|[GKL99]_369|[HFE83]_1274|[RHG95]__3037|1E_191429+0505.5|2E_1914.4+0505|WDS_J19169+0510A|IRAS_19145+0505|CCDM_J19169+0510A|**_LDS_6334A|GJ___752|PM_19145+0505|GCRV_69237|PM_J19169+0510|UCAC4_476-093846|Gaia_DR1_4293318818833464832|WEB_16538|Gaia_DR2_4293318823182081408|Karmn_J19169+051N
GJ_625,Mann,3475.0,60.0,0.3820758705797418,0.08,4.897,0.049,,GJ 625|HIP 80459|GALEX J162524.8+541813|AP J16252459+5418148|Gaia DR3 1428427236986209024|StKM 2-1247|MCC 767|TIC 207492082|AC +54  1646|LSPM J1625+5418|TYC 3878-1193-1|ASCC  262633|USNO-B1.0 1443-00251675|8pc 151.93|AC +54  1646-56|CSI+54-16242|G 202-48|G 226-7|G 225-62|HIC  80459|NLTT 42804|USNO 749|VVO 180|Zkh 226|[HFE83] 1175|[RHG95]  2589|2MASS J16252459+5418148|PLX 3740.03|WISEA J162525.14+541813.0|UCAC4 722-055464|PM J16254+5418|Gaia DR1 1428427232690720000|Gaia DR2 1428427236986209024|Karmn J16254+543|1RXS J162523.4+541811|WISE J162525.14+541813.0|** BWL   43A|WDS J16254+5418A|,Gaia DR3 1428427236986209024,TIC 207492082,./library/20240822_specmatch_nir/FITS/neidL2_20220514T092508.fits,899.791,63.9498,2022A-452266,-13.112,neidL2_20220514T092508.fits,TIC_207492082|AC_+54__1646|LSPM_J1625+5418|TYC_3878-1193-1|ASCC__262633|USNO-B1.0_1443-00251675|8pc_151.93|AC_+54__1646-56|CSI+54-16242|G_202-48|G_226-7|G_225-62|GJ___625|HIC__80459|HIP__80459|MCC_767|NLTT_42804|USNO_749|VVO_180|Zkh_226|[HFE83]_1175|[RHG95]__2589|2MASS_J16252459+5418148|PLX_3740.03|WISEA_J162525.14+541813.0|UCAC4_722-055464|StKM_2-1247|PM_J16254+5418|Gaia_DR1_1428427232690720000|GALEX_6371021398798766191|Gaia_DR2_1428427236986209024|Karmn_J16254+543|1RXS_J162523.4+541811|WISE_J162525.14+541813.0|**_BWL___43A|WDS_J16254+5418A
GJ_526,Von Braun,3618.0,31.0,-0.13896006877626613,0.1,4.78,0.02,,GJ 526|HIP 67155|AP J13454354+1453317|Gaia DR3 3741297293732404352|StKM 2-980|MCC 308|TIC 72465347|PLX 3135|LSPM J1345+1453|ASCC  956176|2MASS J13454354+1453317|USNO-B1.0 1048-00224136|8pc 184.13|AG+15 1400|BD+15  2620|Ci 20  803|DO 14803|G  63-53|G 150-35|GAT  972|GC 18602|GCRV  8123|GEN# +1.00119850|HD 119850|HIC  67155|IRAS 13432+1508|JP11  2422|LAL 25372|LFT 1034|LHS    47|LTT 14011|NLTT 35133|NSV  6431|PM 13432+1510|PPM 130055|SAO 100695|TYC  899-789-1|UBV M  19692|UBV   12290|Wolf  498|YZ  15  5003|YZC 18  5003|Zkh 204|[GKL99] 286|[RHG95]  2176|uvby98 100119850|PLX 3135.00|WEB 11822|Gaia DR2 3741297293732404352|PM J13457+1453|Karmn J13457+148|,Gaia DR3 3741297293732404352,HD 119850,./library/20240822_specmatch_nir/FITS/neidL2_20220314T103729.fits,899.813,88.9557,2022A-452266,15.7973,neidL2_20220314T103729.fits,TIC_72465347|PLX_3135|LSPM_J1345+1453|ASCC__956176|2MASS_J13454354+1453317|USNO-B1.0_1048-00224136|8pc_184.13|AG+15_1400|BD+15__2620|Ci_20__803|DO_14803|G__63-53|G_150-35|GAT__972|GC_18602|GCRV__8123|GEN#_+1.00119850|GJ___526|HD_119850|HIC__67155|HIP__67155|IRAS_13432+1508|JP11__2422|LAL_25372|LFT_1034|LHS____47|LTT_14011|MCC_308|NLTT_35133|NSV__6431|PM_13432+1510|PPM_130055|SAO_100695|TYC__899-789-1|UBV_M__19692|UBV___12290|Wolf__498|YZ__15__5003|YZC_18__5003|Zkh_204|[GKL99]_286|[RHG95]__2176|uvby98_100119850|PLX_3135.00|StKM_2-980|WEB_11822|Gaia_DR2_3741297293732404352|PM_J13457+1453|Karmn_J13457+148
GJ_849,Mann,3530.0,60.0,-0.22358227109553824,0.08,4.777,0.049,,GJ 849|Gaia DR3 2627117287488522240|MCC 73|Karmn J22096-046|TIC 248027247|PLX 5358|2E  4574|BD-05  5715|Ci 20 1340|G  27-16|GCRV 13921|HIC 109388|HIP 109388|JP11   258|LFT 1689|LHS   517|LPM 814|LTT  8889|NLTT 53078|PM 22070-0453|TYC 5227-1521-1|USNO-B1.0 0853-00595068|VVO 234|Wolf 1329|Zkh 328|[RHG95]  3478|2MASS J22094029-0438267|GEN# -0.00505715|PLX 5358.00|2E 2206.9-0454|Gaia DR2 2627117287488522240|WISEA J220941.14-043826.8|RAVE J220940.3-043827|IRAS 22070-0452|AKARI-IRC-V1 J2209408-043826|UCAC4 427-123515|PM J22096-0438|Gaia DR1 2627117283194034944|WEB 19654|,Gaia DR3 2627117287488522240,TIC 248027247,./library/20240822_specmatch_nir/FITS/neidL2_20221113T035420.fits,899.788,44.0153,2022B-930026,-15.287,neidL2_20221113T035420.fits,TIC_248027247|PLX_5358|2E__4574|BD-05__5715|Ci_20_1340|G__27-16|GCRV_13921|GJ___849|HIC_109388|HIP_109388|JP11___258|LFT_1689|LHS___517|LPM_814|LTT__8889|MCC__73|NLTT_53078|PM_22070-0453|TYC_5227-1521-1|USNO-B1.0_0853-00595068|VVO_234|Wolf_1329|Zkh_328|[RHG95]__3478|2MASS_J22094029-0438267|GEN#_-0.00505715|PLX_5358.00|2E_2206.9-0454|Gaia_DR2_2627117287488522240|WISEA_J220941.14-043826.8|RAVE_J220940.3-043827|IRAS_22070-0452|AKARI-IRC-V1_J2209408-043826|UCAC4_427-123515|PM_J22096-0438|Gaia_DR1_2627117283194034944|WEB_19654
GJ_411,Von Braun,3464.0,15.0,0.0036787828554676882,0.1,4.86,0.01,,GJ 411|HIP 54035|AP J11032023+3558117|Gaia DR3 762815470562110464|StKM 2-691|MCC 594|TIC 166646191|TIC 353969903|PLX 2576|LSPM J1103+3558|ASCC  492123|2MASS J11032027+3558203|USNO-B1.0 1259-00190202|8pc 392.40|AC2000 1340883|AG+36 1043|AGKR  9911|BD+36  2147|CCDM J11033+3558A|Ci 20  604|DO 14335|G 147-17|G 119-52|GAT   62|GAT  962|GC 15183|GCRV  6818|GEN# +1.00095735|GSC 02521-02279|HD  95735|HIC  54035|IRAS 11005+3615|JP11  2024|LAL 21185|LFT  756|LHS    37|LTT 12960|NLTT 26105|PM 11006+3617|PPM  75640|RAFGL  411|ROT  1651|SAO  62377|SKY# 21113|TYC 2521-2279-1|UBV   10094|UBV M  16736|USNO 837|Zkh 149|[GKL99] 233|[RHG95]  1719|uvby98 100095735|2MASS J11032023+3558117|PLX 2576.00|XBS J110320.1+355803|WISEA J110319.67+355722.4|UCAC4 630-046224|PM J11033+3558|WEB  9772|Karmn J11033+359|,Gaia DR3 762815470562110464,HD 95735,./library/20240822_specmatch_nir/FITS/neidL2_20220515T060112.fits,899.807,237.813,2022A-452266,-84.707,neidL2_20220515T060112.fits,TIC_166646191|TIC_353969903|PLX_2576|LSPM_J1103+3558|ASCC__492123|2MASS_J11032027+3558203|USNO-B1.0_1259-00190202|8pc_392.40|AC2000_1340883|AG+36_1043|AGKR__9911|BD+36__2147|CCDM_J11033+3558A|Ci_20__604|DO_14335|G_147-17|G_119-52|GAT___62|GAT__962|GC_15183|GCRV__6818|GEN#_+1.00095735|GJ___411|GSC_02521-02279|HD__95735|HIC__54035|HIP__54035|IRAS_11005+3615|JP11__2024|LAL_21185|LFT__756|LHS____37|LTT_12960|MCC_594|NLTT_26105|PM_11006+3617|PPM__75640|RAFGL__411|ROT__1651|SAO__62377|SKY#_21113|TYC_2521-2279-1|UBV___10094|UBV_M__16736|USNO_837|Zkh_149|[GKL99]_233|[RHG95]__1719|uvby98_100095735|2MASS_J11032023+3558117|PLX_2576.00|XBS_J110320.1+355803|WISEA_J110319.67+355722.4|UCAC4_630-046224|StKM_2-691|PM_J11033+3558|WEB__9772|Karmn_J11033+359
GJ_15_B,Mann,3218.0,60.0,0.0003020032531080019,0.08,5.072,0.051,,GJ 15 B|AP J00182549+4401376|Gaia DR3 385334196532776576|StKM 2-24b|TIC 440109718|ASCC  373580|2MASS J00182549+4401376|8pc 280.27B|ADS   246 B|BD+43    44B|CCDM J00184+4401B|CSI+43    44  3|G 171-48|GCRV   162|GEN# +1.00001326C|HD   1326B|JP11   171|LFT   32|LHS     4|LTT 10109|NLTT   923|PM 00156+4345|SV* SVS  1804|V* GQ And|Zkh   6|[GS83]  69|[RHG95]    61|LSPM J0018+4401E|WDS J00184+4401B|Gaia DR2 385334196532776576|** GRB   34B|PM J00184+4401|[GKL99] 10|WISEA J001828.65+440141.3|WEB   266|Karmn J00184+440|,Gaia DR3 385334196532776576,HD 1326B,./library/20240822_specmatch_nir/FITS/neidL2_20221112T064155.fits,899.832,30.3519,2022B-930026,10.9415,neidL2_20221112T064155.fits,TIC_440109718|ASCC__373580|2MASS_J00182549+4401376|8pc_280.27B|ADS___246_B|BD+43____44B|CCDM_J00184+4401B|CSI+43____44__3|G_171-48|GCRV___162|GEN#_+1.00001326C|GJ____15_B|HD___1326B|JP11___171|LFT___32|LHS_____4|LTT_10109|NLTT___923|PM_00156+4345|SV*_SVS__1804|V*_GQ_And|Zkh___6|[GS83]__69|[RHG95]____61|LSPM_J0018+4401E|WDS_J00184+4401B|Gaia_DR2_385334196532776576|**_GRB___34B|PM_J00184+4401|[GKL99]_10|WISEA_J001828.65+440141.3|StKM_2-24b|WEB___266|Karmn_J00184+440
HD_201092,Yee,3932.0,25.0,0.13446137176641826,0.1,4.67,0.01,,GJ 820 B|AP J21065473+3844265|Gaia DR3 1872046574983497216|TIC 165602023|ASCC  531491|2MASS J21065473+3844265|USNO-B1.0 1287-00443364|*  61 Cyg B|8pc 285.42B|AC2000 1382649|ADS 14636 B|AG+38 2136|BD+38  4344|CCDM J21069+3844B|Ci 20 1260|GCRV 13273|GEN# +1.00201092|GSC 03168-02798|HD 201092|HIC 104217|HIP 104217|HR  8086|JP11  3313|LFT 1605|LHS    63|LTT 16180|NLTT 50560|NSV 13546|PPM  86049|ROT  3078|SKY# 40146|TYC 3168-2798-1|UBV M  25458|UBV   18286|USNO 901|Zkh 316|[B10]  5434|[GKL99] 399|[RHG95]  3301|uvby98 100201092|LSPM J2106+3844S|WDS J21069+3845B|WEB 18981|Gaia DR2 1872046574983497216|Karmn J21069+387|,Gaia DR3 1872046574983497216,HD 201092,./library/20240822_specmatch_nir/FITS/neidL2_20220602T104852.fits,600.001,474.861,2022A-923895,-64.248,neidL2_20220602T104852.fits,GJ 820 B|AP J21065473+3844265|Gaia DR3 1872046574983497216|TIC 165602023|ASCC 531491|2MASS J21065473+3844265|USNO-B1.0 1287-00443364|* 61 Cyg B|8pc 285.42B|AC2000 1382649|ADS 14636 B|AG+38 2136|BD+38 4344|CCDM J21069+3844B|Ci 20 1260|GCRV 13273|GEN# +1.00201092|GSC 03168-02798|HD 201092|HIC 104217|HIP 104217|HR 8086|JP11 3313|LFT 1605|LHS 63|LTT 16180|NLTT 50560|NSV 13546|PPM 86049|ROT 3078|SKY# 40146|TYC 3168-2798-1|UBV M 25458|UBV 18286|USNO 901|Zkh 316|[B10] 5434|[GKL99] 399|[RHG95] 3301|uvby98 100201092|LSPM J2106+3844S|WDS J21069+3845B|WEB 18981|Gaia DR2 1872046574983497216|Karmn J21069+387
HD_1326,Yee,3567.0,11.0,-0.062002124687103255,0.1,4.87,0.01,,GJ 15 A|HIP 1475|AP J00182256+4401222|Gaia DR3 385334230892516480|StKM 2-24a|MCC 85|TIC 440109725|ASCC  373571|2MASS J00182256+4401222|LSPM J0018+4401W|USNO-B1.0 1340-00005988|PLX   49|8pc 280.27A|AC2000 1406215|ADS   246 A|AG+43   37|BD+43    44|CCDM J00184+4401A|CSI+43    44  4|CSI+43    44  1|Ci 20   19|DO 23070|G 171-47|GAT 1029|GC   358|GCRV   161|GEN# +1.10001326|Gmb   34|HIC   1475|JP11   170|JP11   360|LFT   31|LHS     3|LTT 10108|NLTT   919|PM 00155+4344|PPM  42798|SAO  36248|SV* SVS  2042|TYC 2794-157-1|UBV     205|UBV     207|USNO 787|V* GX And|VVO 124|Zkh   5|[GS83]  66|[RHG95]    60|WDS J00184+4401A|Gaia DR2 385334230892516480|** GRB   34A|HD   1326|[GKL99] 9|AKARI-IRC-V1 J0018248+440125|WISE J001825.71+440126.8|WISEA J001825.70+440126.9|UCAC4 671-001465|Gaia DR1 385334123516493568|WEB   265|PM J00183+4401|Karmn J00183+440|,Gaia DR3 385334230892516480,HD 1326,./library/20240822_specmatch_nir/FITS/neidL2_20221112T062253.fits,899.819,108.688,2022B-930026,11.73,neidL2_20221112T062253.fits,GJ 15 A|HIP 1475|AP J00182256+4401222|Gaia DR3 385334230892516480|StKM 2-24a|MCC 85|TIC 440109725|ASCC 373571|2MASS J00182256+4401222|LSPM J0018+4401W|USNO-B1.0 1340-00005988|PLX 49|8pc 280.27A|AC2000 1406215|ADS 246 A|AG+43 37|BD+43 44|CCDM J00184+4401A|CSI+43 44 4|CSI+43 44 1|Ci 20 19|DO 23070|G 171-47|GAT 1029|GC 358|GCRV 161|GEN# +1.10001326|Gmb 34|HIC 1475|JP11 170|JP11 360|LFT 31|LHS 3|LTT 10108|NLTT 919|PM 00155+4344|PPM 42798|SAO 36248|SV* SVS 2042|TYC 2794-157-1|UBV 205|UBV 207|USNO 787|V* GX And|VVO 124|Zkh 5|[GS83] 66|[RHG95] 60|WDS J00184+4401A|Gaia DR2 385334230892516480|** GRB 34A|HD 1326|[GKL99] 9|AKARI-IRC-V1 J0018248+440125|WISE J001825.71+440126.8|WISEA J001825.70+440126.9|UCAC4 671-001465|Gaia DR1 385334123516493568|WEB 265|PM J00183+4401|Karmn J00183+440
GJ_555,Yee,3211.0,60.0,0.07995697042664308,0.08,4.89,0.05,,GJ 555|HIP 71253|Gaia DR3 6324325225803432320|TIC 294401924|WISEA J143416.56-123104.1|TYC 5572-804-1|PM J14342-1231|UCAC4 388-063886|PLX 3296|8pc 163.51|BD-11  3759|Ci 20  870|GEN# -0.01103759|GSC 05572-00804|HIC  71253|JP11   280|LFT 1120|LHS  2945|LPM 532|LTT  5759|NLTT 37751|NSV  6707|PM 14316-1219|UBV   12727|UBV M   5328|V* HN Lib|Wolf 1481|Zkh 208|[RHG95]  2310|2MASS J14341683-1231106|PLX 3296.00|Gaia DR2 6324325225803432320|Karmn J14342-125|,Gaia DR3 6324325225803432320,TIC 294401924,./library/20240822_specmatch_nir/FITS/neidL2_20220517T081055.fits,899.812,28.5273,2022A-452266,-1.28,neidL2_20220517T081055.fits,GJ 555|HIP 71253|Gaia DR3 6324325225803432320|TIC 294401924|WISEA J143416.56-123104.1|TYC 5572-804-1|PM J14342-1231|UCAC4 388-063886|PLX 3296|8pc 163.51|BD-11 3759|Ci 20 870|GEN# -0.01103759|GSC 05572-00804|HIC 71253|JP11 280|LFT 1120|LHS 2945|LPM 532|LTT 5759|NLTT 37751|NSV 6707|PM 14316-1219|UBV 12727|UBV M 5328|V* HN Lib|Wolf 1481|Zkh 208|[RHG95] 2310|2MASS J14341683-1231106|PLX 3296.00|Gaia DR2 6324325225803432320|Karmn J14342-125
GJ_687,Mann,3439.0,60.0,0.07982482402625511,0.08,4.81,0.05,,GJ 687|HIP 86162|AP J17362594+6820220|Gaia DR3 1637645127018395776|MCC 322|TIC 233193964|PLX 4029|LSPM J1736+6820|ASCC   88385|2MASS J17362594+6820220|USNO-B1.0 1583-00174990|2E  3930|8pc 220.85|AG+68  732|BD+68   946|CCDM J17366+6822B|Ci 18 2354|Ci 20 1053|G 240-63|G 258-11|GAT  732|GC 23926|GCRV 10198|GEN# +0.06800946|HIC  86162|IDS 17370+6826 A|IRAS 17366+6822|JP11   237|LFT 1364|LHS   450|LTT 15232|NLTT 45190|PPM  20469|SAO  17568|TYC 4428-1943-1|UBV   15039|UBV M   4844|Zkh 260|[RHG95]  2797|PLX 4029.00|1RXS J173627.2+682031|2E 1736.7+6822|RX J1736.4+6828|RX J1736.4+6820|WDS J17364+6820B|** STU   10B|[GHM2003] 2100|[ZEH2003] RX J1736.4+6820  1|UCAC4 792-027376|PM J17364+6820|Gaia DR1 1637645328881199360|WEB 14533|Gaia DR2 1637645127018395776|Karmn J17364+683|,Gaia DR3 1637645127018395776,TIC 233193964,./library/20240822_specmatch_nir/FITS/neidL2_20221113T031632.fits,899.866,55.6992,2022B-930026,-28.65,neidL2_20221113T031632.fits,GJ 687|HIP 86162|AP J17362594+6820220|Gaia DR3 1637645127018395776|MCC 322|TIC 233193964|PLX 4029|LSPM J1736+6820|ASCC 88385|2MASS J17362594+6820220|USNO-B1.0 1583-00174990|2E 3930|8pc 220.85|AG+68 732|BD+68 946|CCDM J17366+6822B|Ci 18 2354|Ci 20 1053|G 240-63|G 258-11|GAT 732|GC 23926|GCRV 10198|GEN# +0.06800946|HIC 86162|IDS 17370+6826 A|IRAS 17366+6822|JP11 237|LFT 1364|LHS 450|LTT 15232|NLTT 45190|PPM 20469|SAO 17568|TYC 4428-1943-1|UBV 15039|UBV M 4844|Zkh 260|[RHG95] 2797|PLX 4029.00|1RXS J173627.2+682031|2E 1736.7+6822|RX J1736.4+6828|RX J1736.4+6820|WDS J17364+6820B|** STU 10B|[GHM2003] 2100|[ZEH2003] RX J1736.4+6820 1|UCAC4 792-027376|PM J17364+6820|Gaia DR1 1637645328881199360|WEB 14533|Gaia DR2 1637645127018395776|Karmn J17364+683
GJ_876,Mann,3247.0,60.0,0.07551517566636386,0.08,4.83,0.06,,GJ 876 A|GJ 876|Gaia DR3 2603090003484152064|TIC 188580272|Gaia DR2 2603090003484152064|WISEA J225317.42-141556.1|TYC 5819-1255-1|EPIC 206019387|EPIC 206019392|PM J22532-1415|UCAC4 379-165686|PLX 5546|8pc 212.69A|BD-15  6290|Ci 20 1387|G 156-57A|G 156-57|GCRV 14365|GEN# -0.01506290|GSC 05819-00957|HIC 113020|HIP 113020|JP11   295|LFT 1745|LHS   530|LPM 841|LTT  9244|MCC 337|NAME NC 59|NLTT 55130|Ross  780|UBV   19209|UBV   19610|UBV M   5470|V* IL Aqr|Zkh 338|[RHG95]  3604|2MASS J22531672-1415489|PLX 5546.00|UCAC2  26801725|WEB 20121|Karmn J22532-142|,Gaia DR3 2603090003484152064,TIC 188580272,./library/20240822_specmatch_nir/FITS/neidL2_20221113T042817.fits,899.775,45.6062,2022B-930026,-1.47,neidL2_20221113T042817.fits,GJ 876 A|GJ 876|Gaia DR3 2603090003484152064|TIC 188580272|Gaia DR2 2603090003484152064|WISEA J225317.42-141556.1|TYC 5819-1255-1|EPIC 206019387|EPIC 206019392|PM J22532-1415|UCAC4 379-165686|PLX 5546|8pc 212.69A|BD-15 6290|Ci 20 1387|G 156-57A|G 156-57|GCRV 14365|GEN# -0.01506290|GSC 05819-00957|HIC 113020|HIP 113020|JP11 295|LFT 1745|LHS 530|LPM 841|LTT 9244|MCC 337|NAME NC 59|NLTT 55130|Ross 780|UBV 19209|UBV 19610|UBV M 5470|V* IL Aqr|Zkh 338|[RHG95] 3604|2MASS J22531672-1415489|PLX 5546.00|UCAC2 26801725|WEB 20121|Karmn J22532-142
Gl_628,Mann,3272.0,60.0,-0.08437389884745368,0.08,4.88,0.05,,GJ 628|HIP 80824|Gaia DR3 4330690742322011520|MCC 164|TIC 413948621|PLX 3746|8pc 234.51|BD-12  4523|Ci 20  995|G 153-58|GCRV  9490|GEN# -0.01204523|GSC 05635-00564|HIC  80824|IRAS 16274-1232|JP11   290|LFT 1283|LHS   419|LPM 606|LTT  6580|NLTT 42927|NSV  7768|PM 16275-1232|UBV   13944|UBV M   5365|V* V2306 Oph|VVO 222|Wolf 1061|Zkh 227|[RHG95]  2599|Gaia DR2 4330690742322011520|2MASS J16301808-1239434|PLX 3746.00|TYC 5635-1241-1|WISEA J163018.01-123957.3|UCAC4 387-070731|PM J16303-1239|Gaia DR1 4330690909825212928|WEB 13669|1RXS J163017.6-123936|Zkh 228|** LAF   56A|WDS J16303-1240A|Karmn J16303-126|,Gaia DR3 4330690742322011520,TIC 413948621,./library/20240822_specmatch_nir/FITS/neidL2_20220610T064727.fits,899.841,50.7696,2022A-452266,-21.17,neidL2_20220610T064727.fits,GJ 628|HIP 80824|Gaia DR3 4330690742322011520|MCC 164|TIC 413948621|PLX 3746|8pc 234.51|BD-12 4523|Ci 20 995|G 153-58|GCRV 9490|GEN# -0.01204523|GSC 05635-00564|HIC 80824|IRAS 16274-1232|JP11 290|LFT 1283|LHS 419|LPM 606|LTT 6580|NLTT 42927|NSV 7768|PM 16275-1232|UBV 13944|UBV M 5365|V* V2306 Oph|VVO 222|Wolf 1061|Zkh 227|[RHG95] 2599|Gaia DR2 4330690742322011520|2MASS J16301808-1239434|PLX 3746.00|TYC 5635-1241-1|WISEA J163018.01-123957.3|UCAC4 387-070731|PM J16303-1239|Gaia DR1 4330690909825212928|WEB 13669|1RXS J163017.6-123936|Zkh 228|** LAF 56A|WDS J16303-1240A|Karmn J16303-126
Gl_87,Mann,3638.0,62.0,0.11124871921441935,0.08,4.79,0.05,,GJ 87|HIP 10279|Gaia DR3 2515037264041041536|StKM 2-195|MCC 95|TIC 270415707|PLX  450|LSPM J0212+0334|TYC   41-1345-1|ASCC 1097530|UCAC2  32985862|2MASS J02122090+0334310|USNO-B1.0 0935-00022454|BD+02   348|Ci 20  153|DO   405|G  73-35|G 159-45|GCRV  1204|GEN# +0.00200348|HIC  10279|JP11    15|LFT  187|LHS    14|LTT 10745|NC  7|NLTT  7309|PM 02098+0322|UBV    2214|UBV M    173|Wolf  124|Zkh  39|[R78b] 119|[RHG95]   390|PLX  450.00|WISEA J021219.77+033413.9|UCAC4 468-002996|PM J02123+0334|Gaia DR1 2515037294106060928|WEB  2145|Gaia DR2 2515037264041041536|** PIN    3A|WDS J02123+0335A|Karmn J02123+035|,Gaia DR3 2515037264041041536,TIC 270415707,./library/20240822_specmatch_nir/FITS/neidL2_20221112T085427.fits,899.856,38.5617,2022B-930026,-2.562,neidL2_20221112T085427.fits,GJ 87|HIP 10279|Gaia DR3 2515037264041041536|StKM 2-195|MCC 95|TIC 270415707|PLX 450|LSPM J0212+0334|TYC 41-1345-1|ASCC 1097530|UCAC2 32985862|2MASS J02122090+0334310|USNO-B1.0 0935-00022454|BD+02 348|Ci 20 153|DO 405|G 73-35|G 159-45|GCRV 1204|GEN# +0.00200348|HIC 10279|JP11 15|LFT 187|LHS 14|LTT 10745|NC 7|NLTT 7309|PM 02098+0322|UBV 2214|UBV M 173|Wolf 124|Zkh 39|[R78b] 119|[RHG95] 390|PLX 450.00|WISEA J021219.77+033413.9|UCAC4 468-002996|PM J02123+0334|Gaia DR1 2515037294106060928|WEB 2145|Gaia DR2 2515037264041041536|** PIN 3A|WDS J02123+0335A|Karmn J02123+035
HD_36395,Yee,3801.0,9.0,0.2593363338942648,0.1,4.7,0.01,,GJ 205|HIP 25878|AP J05312734-0340356|Gaia DR3 3209938366665770752|StKM 2-412|MCC 9|TIC 50726077|8pc 175.72|PLX 1255|1RXS J053127.0-034013|BD-03  1123|CCDM J05314-0341A|CSI-03  1123  1|CSV   6182|Ci 20  334|DO  1150|G  99-15|GC  6836|GCRV  3349|GEN# +1.00036395|GSC 04770-00574|HD  36395|HIC  25878|IDS 05264-0341 A|IRAS 05289-0342|JP11  1127|LFT  416|LHS    30|LPM 216|LTT  2293|NLTT 15215|NSV  2075|PM 05289-0341|PPM 188143|SAO 132211|SKY#  8855|SV* WR    69|UBV    5309|UGP 117|USNO 812|VVO 242|Wolf 1453|YZ  93  1611|YZC 17  1611|Zkh  71|[RHG95]   930|[SLO58] 19|uvby98 100036395|PLX 1255.00|2EUVE J0531-03.6|EUVE J0531-03.6|[KSP2003] J053127.17-034032.6|WDS J05314-0336A|TYC 4770-574-1|2MASS J05312734-0340356|WISEA J053127.91-034059.8|UCAC4 432-009930|Gaia DR1 3209938366665770752|WEB  5024|Gaia DR2 3209938366665770752|PM J05314-0340|Karmn J05314-036|,Gaia DR3 3209938366665770752,HD 36395,./library/20240822_specmatch_nir/FITS/neidL2_20211220T101629.fits,899.817261,166.6663,2021B-0435,8.56,neidL2_20211220T101629.fits,GJ 205|HIP 25878|AP J05312734-0340356|Gaia DR3 3209938366665770752|StKM 2-412|MCC 9|TIC 50726077|8pc 175.72|PLX 1255|1RXS J053127.0-034013|BD-03  1123|CCDM J05314-0341A|CSI-03  1123  1|CSV   6182|Ci 20  334|DO  1150|G  99-15|GC  6836|GCRV  3349|GEN# +1.00036395|GSC 04770-00574|HD  36395|HIC  25878|IDS 05264-0341 A|IRAS 05289-0342|JP11  1127|LFT  416|LHS    30|LPM 216|LTT  2293|NLTT 15215|NSV  2075|PM 05289-0341|PPM 188143|SAO 132211|SKY#  8855|SV* WR    69|UBV    5309|UGP 117|USNO 812|VVO 242|Wolf 1453|YZ  93  1611|YZC 17  1611|Zkh  71|[RHG95]   930|[SLO58] 19|uvby98 100036395|PLX 1255.00|2EUVE J0531-03.6|EUVE J0531-03.6|[KSP2003] J053127.17-034032.6|WDS J05314-0336A|TYC 4770-574-1|2MASS J05312734-0340356|WISEA J053127.91-034059.8|UCAC4 432-009930|Gaia DR1 3209938366665770752|WEB  5024|Gaia DR2 3209938366665770752|PM J05314-0340|Karmn J05314-036|
Gl_3378,Mann,3381.0,26.0,0.16766146771953305,0.08,5.011,0.029,,GJ 3378|AP J06011106+5935508|Gaia DR3 999747822484300800|Karmn J06011+595|TIC 322347050|NLTT 15885|LSPM J0601+5935|2MASS J06011106+5935508|USNO-B1.0 1495-00160060|8pc 132.10|G 192-13|L 1813-21|LHS  1805|LP   86-137|LTT 11755|[RHG95]   998|PLX 1373.01|WISEA J060110.89+593540.3|PM J06011+5935|Gaia DR2 999747822484300800|LFT  443|,Gaia DR3 999747822484300800,GJ 3378,./library/20240822_specmatch_nir/FITS/neidL2_20220104T100320_corrected.fits,899.783429,32.0122,2021B-2015,2.2,neidL2_20220104T100320_corrected.fits,GJ 3378|AP J06011106+5935508|Gaia DR3 999747822484300800|Karmn J06011+595|TIC 322347050|NLTT 15885|LSPM J0601+5935|2MASS J06011106+5935508|USNO-B1.0 1495-00160060|8pc 132.10|G 192-13|L 1813-21|LHS  1805|LP   86-137|LTT 11755|[RHG95]   998|PLX 1373.01|WISEA J060110.89+593540.3|PM J06011+5935|Gaia DR2 999747822484300800|LFT  443|
Gl_402,Mann,3293.0,32.0,0.33083253607432567,0.08,4.996,0.031,,"GJ 402|HIP 53020|AP J10505201+0648292|Gaia DR3 3864615459886222464|TIC 393584005|PLX 2524|LSPM J1050+0648|ASCC 1040787|USNO-B1.0 0968-00215383|8pc 177.46|CSI+07-10483|Ci 20  591|G  45-8|G  44-40|GCRV  6733|GEN# +6.10010402|GSC 00261-00224|HIC  53020|JP11  5135|JP11  5136|JP11  5134|JP11  5137|LFT  742|LHS   294|LTT 12891|NLTT 25500|PM 10483+0705|V* EE Leo|Wolf  358|Zkh 145|[RHG95]  1687|2MASS J10505201+0648292|PLX 2524.00|TYC  261-224-1|Zkh 146|WISEA J105051.41+064820.8|UCAC4 485-051902|PM J10508+0648|Gaia DR1 3864615455592036992|WEB  9640|Gaia DR2 3864615459886222464|Karmn J10508+068|** RAO  256|WDS J10509+0648A|WDS J10509+0648Aa,Ab|** LAF   42A|",Gaia DR3 3864615459886222464,Gaia DR2 3864615459886222464,./library/20240822_specmatch_nir/FITS/neidL2_20220214T102043.fits,900.004205,36.5951,2022A-929398,-0.85,neidL2_20220214T102043.fits,"GJ 402|HIP 53020|AP J10505201+0648292|Gaia DR3 3864615459886222464|TIC 393584005|PLX 2524|LSPM J1050+0648|ASCC 1040787|USNO-B1.0 0968-00215383|8pc 177.46|CSI+07-10483|Ci 20  591|G  45-8|G  44-40|GCRV  6733|GEN# +6.10010402|GSC 00261-00224|HIC  53020|JP11  5135|JP11  5136|JP11  5134|JP11  5137|LFT  742|LHS   294|LTT 12891|NLTT 25500|PM 10483+0705|V* EE Leo|Wolf  358|Zkh 145|[RHG95]  1687|2MASS J10505201+0648292|PLX 2524.00|TYC  261-224-1|Zkh 146|WISEA J105051.41+064820.8|UCAC4 485-051902|PM J10508+0648|Gaia DR1 3864615455592036992|WEB  9640|Gaia DR2 3864615459886222464|Karmn J10508+068|** RAO  256|WDS J10509+0648A|WDS J10509+0648Aa,Ab|** LAF   42A|"
Gl_615.2_C,Mann,3593.0,23.0,0.06568324087518808,0.03,4.863,0.027,,GJ 9549|GJ 615.2 C|HIP 79551|GALEX J161356.1+334623|AP J16135630+3346243|Gaia DR3 1322906861255829376|TIC 17540944|WISEA J161356.03+334623.2|TYC 2583-2153-1|PLX 3686.10|PM J16139+3346|UCAC4 619-051946|PLX 3686.1|CSI+34  2750  2|CCDM J16147+3352C|BD+34  2750C|ADS  9979 C|* sig CrB C|WDS J16147+3352C|LSPM J1613+3346|ASCC  594436|UCAC2  43627792|USNO-B1.0 1237-00254169|CSI+33-16121|EXO 1612.0+3353|G 180-42|HIC  79551|LP  275-6|LTT 14836|NLTT 42306|[RHG95]  2557|2MASS J16135630+3346243|2XMM J161356.2+334624|SDSS J161356.19+334623.8|HAT 192-00422|Gaia DR2 1322906861255829376|Karmn J16139+337AB|,Gaia DR3 1322906861255829376,TIC 17540944,./library/20240822_specmatch_nir/FITS/neidL2_20220510T095312.fits,900.004655,23.4966,2022A-929398,-11.7114,neidL2_20220510T095312.fits,GJ 9549|GJ 615.2 C|HIP 79551|GALEX J161356.1+334623|AP J16135630+3346243|Gaia DR3 1322906861255829376|TIC 17540944|WISEA J161356.03+334623.2|TYC 2583-2153-1|PLX 3686.10|PM J16139+3346|UCAC4 619-051946|PLX 3686.1|CSI+34  2750  2|CCDM J16147+3352C|BD+34  2750C|ADS  9979 C|* sig CrB C|WDS J16147+3352C|LSPM J1613+3346|ASCC  594436|UCAC2  43627792|USNO-B1.0 1237-00254169|CSI+33-16121|EXO 1612.0+3353|G 180-42|HIC  79551|LP  275-6|LTT 14836|NLTT 42306|[RHG95]  2557|2MASS J16135630+3346243|2XMM J161356.2+334624|SDSS J161356.19+334623.8|HAT 192-00422|Gaia DR2 1322906861255829376|Karmn J16139+337AB|
Gl_1253,Mann,3084.0,33.0,-0.17225932404781003,0.08,5.124,0.041,,GJ 1253|Gaia DR3 2188318517720321664|TIC 352617553|LSPM J2026+5834|NLTT 49289|2MASS J20260528+5834224|USNO-B1.0 1485-00283617|Ci 20 1209|G 230-40|LFT 1550|LHS  3549|LTT 15977|USNO 462|Wolf 1069|Zkh 305|[RHG95]  3195|PLX 4870.01|WISEA J202605.65+583428.4|PM J20260+5834|UCAC4 743-065956|Gaia DR2 2188318517720321664|Karmn J20260+585|,Gaia DR3 2188318517720321664,TIC 352617553,./library/20240822_specmatch_nir/FITS/neidL2_20220516T101055.fits,900.004668,7.8628,2022A-929398,-68.419,neidL2_20220516T101055.fits,GJ 1253|Gaia DR3 2188318517720321664|TIC 352617553|LSPM J2026+5834|NLTT 49289|2MASS J20260528+5834224|USNO-B1.0 1485-00283617|Ci 20 1209|G 230-40|LFT 1550|LHS  3549|LTT 15977|USNO 462|Wolf 1069|Zkh 305|[RHG95]  3195|PLX 4870.01|WISEA J202605.65+583428.4|PM J20260+5834|UCAC4 743-065956|Gaia DR2 2188318517720321664|Karmn J20260+585|
