Name,Teff,e_Teff,R*,e_R*,log(g),e_log(g),[Fe/H],e_[Fe/H],M*,e_M*,logA,e_logA,plx,Vmag,Notes,Source,RA,Dec
HD 100623,5140,60,0.72,0.04,4.56,0.05,-0.36,0.05,0.75,0.04,9.81,0.5,104.6,6.0,A1,Yee,173.62285999999997,-32.831339444444446
HD 101904,5883,60,1.54,0.19,4.1,0.05,0.12,0.05,1.12,0.09,9.8,0.11,12.5,8.2,A1,Yee,176.0011691666666,64.9641975
HD 102195,5277,60,0.85,0.05,4.5,0.05,0.1,0.05,0.89,0.04,9.74,0.49,34.0,8.1,A1,Yee,176.42622,2.8214788888888886
HD 102444,5227,60,2.67,0.39,3.6,0.05,-0.0,0.05,1.02,0.21,9.98,0.27,8.5,8.0,A1,Yee,176.881095,-5.263620555555556
HD 102956,4985,60,3.79,0.47,3.38,0.05,0.26,0.05,1.3,0.15,9.7,0.17,8.1,7.9,A1,Yee,177.84379499999997,57.64073388888889
HD 103459,5722,60,1.71,0.21,4.03,0.05,0.24,0.05,1.15,0.12,9.81,0.15,16.0,7.6,A2,Yee,178.71649916666667,-1.4515155555555554
HD 103890,6120,60,1.43,0.16,4.19,0.05,0.03,0.05,1.17,0.07,9.63,0.09,13.7,8.0,A1,Yee,179.44244374999997,-8.275278333333334
HD 104437,5761,60,1.03,0.09,4.4,0.05,0.17,0.05,1.03,0.04,9.64,0.35,16.6,8.6,A1,Yee,180.42002875,39.58658805555556
HD 106088,5470,60,2.07,0.26,3.87,0.05,0.34,0.05,1.23,0.12,9.75,0.13,10.3,8.4,A1,Yee,183.1027108333333,19.80102138888889
HD 107181,5628,60,1.64,0.21,4.05,0.05,0.31,0.05,1.13,0.12,9.86,0.15,12.5,8.4,A1,Yee,184.86391166666664,-26.107375555555556
HD 108189,5373,60,2.89,0.41,3.56,0.05,0.03,0.05,1.15,0.21,9.81,0.23,7.5,7.7,A1,Yee,186.41909416666664,-0.28217805555555553
HD 108863,4878,60,5.59,0.66,3.08,0.05,0.2,0.05,1.37,0.14,9.61,0.15,5.8,7.7,A1,Yee,187.5829575,21.94824388888889
HD 109159,5151,60,2.57,0.32,3.6,0.05,-0.08,0.05,0.93,0.13,10.09,0.17,9.7,8.0,A1,Yee,188.17179249999998,-17.220681666666664
HD 109749,5825,60,1.31,0.15,4.24,0.05,0.24,0.05,1.1,0.08,9.78,0.13,15.9,8.1,A1,Yee,189.31824374999997,-40.81211833333333
HD 10995,5688,60,2.87,0.34,3.67,0.05,0.1,0.05,1.45,0.19,9.5,0.17,11.0,7.3,A1,Yee,27.086679583333332,17.022764166666665
HD 110463,4906,60,0.76,0.03,4.55,0.05,0.06,0.05,0.8,0.04,9.73,0.52,44.1,8.3,A1,Yee,190.4355095833333,55.724672777777776
HD 110537,5718,60,1.14,0.11,4.3,0.05,0.08,0.05,0.99,0.04,9.92,0.13,21.5,7.8,A2,Yee,190.74718749999997,-4.0493325
HD 110743,5198,60,0.84,0.05,4.47,0.05,0.01,0.05,0.84,0.04,9.98,0.4,22.9,8.8,A2,Yee,190.9763545833333,34.34368138888889
HD 110833,4999,60,0.8,0.04,4.51,0.05,0.18,0.05,0.83,0.04,9.86,0.5,66.4,7.0,A2,Yee,191.0606083333333,51.759275833333334
HD 111814,5646,60,1.94,0.24,3.93,0.05,0.22,0.05,1.2,0.11,9.76,0.14,12.4,8.1,A1,Yee,192.93984166666664,19.22883472222222
HD 112415,5574,60,1.23,0.13,4.25,0.05,0.28,0.05,1.0,0.06,9.99,0.13,14.8,8.7,A1,Yee,194.08818083333333,6.893120833333333
HD 112914,4816,60,0.7,0.03,4.51,0.05,-0.26,0.05,0.71,0.03,10.0,0.45,41.4,8.6,A2,Yee,194.88660041666662,41.9867675
HD 114659,4838,60,5.45,0.72,3.08,0.05,0.17,0.05,1.34,0.2,9.64,0.22,5.1,8.3,A1,Yee,197.95297208333332,12.730437777777778
HD 116442,5155,60,0.72,0.04,4.54,0.05,-0.38,0.05,0.74,0.04,9.88,0.49,59.7,7.1,A1,Yee,200.91313999999997,2.723326666666667
HD 122253,5007,60,3.78,0.52,3.36,0.05,0.03,0.05,1.24,0.21,9.72,0.25,9.0,7.8,A1,Yee,209.92300041666664,42.04980611111111
HD 122973,5989,60,1.07,0.06,4.46,0.05,0.2,0.05,1.12,0.04,9.2,0.25,20.6,8.1,A2,Yee,211.2945433333333,-9.048506944444444
HD 123239,4795,60,5.96,0.89,2.94,0.05,-0.05,0.05,1.18,0.24,9.78,0.29,6.5,8.4,A2,Yee,211.68781333333328,-14.095265555555557
HD 124257A,5911,60,1.46,0.16,4.15,0.05,0.15,0.05,1.13,0.08,9.76,0.11,8.7,9.2,A1,Yee,-100.0,-100.0
HD 125607,4985,60,3.91,0.51,3.35,0.05,0.1,0.05,1.26,0.18,9.71,0.22,4.8,8.1,A1,Yee,214.86337124999997,37.609971111111115
HD 126583,5482,60,0.88,0.06,4.49,0.05,-0.0,0.05,0.92,0.04,9.65,0.45,28.7,8.1,A1,Yee,216.49272874999997,13.433262777777777
HD 128311,4918,60,0.79,0.04,4.49,0.05,0.19,0.05,0.81,0.04,9.95,0.49,60.4,7.4,A2,Yee,219.00233416666663,9.746514999999999
HD 130048,4964,60,6.29,0.71,3.02,0.05,0.28,0.05,1.52,0.13,9.47,0.13,5.4,7.1,A1,Yee,221.55626249999997,-7.796958611111111
HD 130307,4985,60,0.74,0.04,4.56,0.05,-0.13,0.05,0.78,0.04,9.74,0.51,50.8,7.8,A2,Yee,221.8170883333333,2.703225277777778
HD 131511,5259,60,0.86,0.06,4.47,0.05,0.13,0.05,0.88,0.04,9.9,0.46,86.7,6.0,A2,Yee,223.34902249999996,19.152797777777778
HD 131582,4728,60,0.67,0.03,4.52,0.05,-0.33,0.05,0.68,0.03,10.0,0.46,40.9,8.6,A1,Yee,223.42323124999996,23.345229999999997
HD 132254,6157,60,1.55,0.19,4.14,0.05,0.16,0.05,1.26,0.08,9.56,0.08,39.7,5.6,A1,Yee,224.09600125,49.62844972222222
HD 133125,5506,60,0.86,0.06,4.49,0.05,-0.13,0.05,0.89,0.04,9.71,0.44,17.7,8.8,A2,Yee,225.57968374999996,19.390595277777777
HD 135101A,5677,60,1.28,0.14,4.2,0.05,0.04,0.05,0.98,0.05,10.01,0.09,30.7,6.7,A1,Yee,228.1811695833333,19.286039444444445
HD 135872,4992,60,3.37,0.46,3.44,0.05,0.12,0.05,1.16,0.2,9.84,0.25,11.7,7.3,A1,Yee,229.42171416666662,-5.202413888888889
HD 137778,5128,60,0.83,0.05,4.52,0.05,0.27,0.05,0.89,0.04,9.66,0.5,48.1,7.5,A2,Yee,232.05087874999998,-9.357862222222222
HD 13871,6416,60,1.94,0.24,4.03,0.05,0.27,0.05,1.49,0.1,9.34,0.08,24.9,5.8,A2,Yee,33.94187374999999,25.782938333333334
HD 1388,5925,60,1.15,0.12,4.32,0.05,0.03,0.05,1.06,0.05,9.71,0.21,36.7,6.5,A1,Yee,4.495285416666666,-13.455640833333332
HD 13931,5853,60,1.2,0.12,4.28,0.05,0.05,0.05,1.04,0.05,9.82,0.12,21.4,7.6,A1,Yee,34.197411249999995,43.77299611111111
HD 144872,4781,60,0.69,0.03,4.52,0.05,-0.25,0.05,0.7,0.03,9.97,0.47,43.1,8.6,A1,Yee,241.62332999999998,38.632240277777775
HD 14655,5755,60,1.97,0.23,3.92,0.05,0.12,0.05,1.23,0.12,9.7,0.13,9.8,8.2,A2,Yee,35.4109875,-15.767981666666667
HD 14787,4946,60,4.45,0.59,3.23,0.05,0.03,0.05,1.28,0.2,9.67,0.23,8.4,7.6,A1,Yee,35.808557916666665,10.836746111111111
HD 148284,5572,60,1.8,0.24,3.97,0.05,0.16,0.05,1.11,0.12,9.88,0.16,8.0,9.0,A1,Yee,246.45173166666666,30.265127222222223
HD 14855,5023,60,3.43,0.48,3.43,0.05,0.03,0.05,1.17,0.21,9.81,0.26,11.8,7.4,A1,Yee,36.265596249999994,45.64733722222222
HD 149750,5802,60,1.45,0.18,4.14,0.05,0.19,0.05,1.09,0.1,9.85,0.14,11.5,8.6,A1,Yee,248.81101041666662,37.02212861111111
HD 1502,4947,60,4.91,0.61,3.18,0.05,0.1,0.05,1.33,0.18,9.64,0.19,6.0,8.3,A2,Yee,4.821107916666666,14.05475638888889
HD 150706,5949,60,1.0,0.05,4.53,0.05,0.02,0.05,1.06,0.04,9.19,0.24,35.4,7.0,A1,Yee,247.82326249999997,79.78977694444444
HD 152581,5027,60,3.71,0.41,3.29,0.05,-0.21,0.05,0.94,0.06,10.06,0.11,6.0,8.3,A1,Yee,253.43159416666666,11.973746944444445
HD 152733,4835,60,5.26,0.69,3.1,0.05,0.16,0.05,1.3,0.18,9.69,0.21,6.1,8.1,A1,Yee,253.2383933333333,44.4023975
HD 15336,5025,60,4.56,0.57,3.12,0.05,-0.16,0.05,1.0,0.12,9.97,0.17,2.9,8.9,A1,Yee,36.937187916666666,-11.979030833333333
HD 153525,4826,60,0.74,0.03,4.54,0.05,0.03,0.05,0.78,0.04,9.83,0.51,55.7,7.9,A1,Yee,254.4259495833333,47.36214277777778
HD 155413,5740,60,2.47,0.28,3.79,0.05,0.27,0.05,1.42,0.11,9.55,0.11,11.6,7.3,A1,Yee,257.9943154166666,-14.62038
HD 155456,5225,60,0.91,0.07,4.43,0.05,0.26,0.05,0.88,0.04,10.02,0.33,28.3,8.3,A1,Yee,257.6567058333333,24.53243611111111
HD 155712,4911,60,0.75,0.04,4.52,0.05,-0.07,0.05,0.77,0.04,9.91,0.49,48.7,8.0,A2,Yee,258.1567604166666,18.351194444444445
HD 156846,5999,60,1.88,0.23,4.01,0.05,0.24,0.05,1.35,0.12,9.56,0.11,21.1,6.5,A1,Yee,260.1429616666666,-19.333747499999998
HD 161479,5642,60,1.15,0.12,4.31,0.05,0.28,0.05,1.03,0.06,9.86,0.17,20.4,8.1,A1,Yee,266.26219833333334,19.290458055555558
HD 162232,5492,60,1.03,0.1,4.36,0.05,0.14,0.05,0.92,0.04,10.04,0.16,13.4,8.6,A2,Yee,267.48773124999997,0.5120288888888889
HD 164922,5341,60,0.95,0.08,4.39,0.05,0.15,0.05,0.88,0.04,10.07,0.18,45.4,7.0,A1,Yee,270.62859291666666,26.31300138888889
HD 168443,5551,60,1.48,0.18,4.07,0.05,0.04,0.05,0.98,0.06,10.05,0.1,26.4,6.9,A2,Yee,275.0163883333333,-9.595726111111112
HD 170657,5041,60,0.76,0.04,4.54,0.05,-0.12,0.05,0.79,0.04,9.81,0.5,76.2,6.8,A1,Yee,277.8290041666666,-18.90881361111111
HD 17156,5970,60,1.51,0.18,4.15,0.05,0.22,0.05,1.19,0.09,9.67,0.11,30.3,8.2,A1,Yee,42.435362916666655,71.75323027777777
HD 172051,5636,60,0.83,0.04,4.58,0.05,-0.26,0.05,0.89,0.04,9.34,0.37,77.0,5.9,A2,Yee,279.7225041666666,-21.051875
HD 175425,5773,60,1.27,0.13,4.23,0.05,0.12,0.05,1.03,0.05,9.9,0.11,13.2,7.9,A1,Yee,283.408805,37.98524527777778
HD 17620,5159,60,3.04,0.4,3.46,0.05,-0.08,0.05,0.96,0.15,10.03,0.2,7.3,8.2,A1,Yee,42.23243124999999,-24.609796944444447
HD 179079,5646,60,1.7,0.22,4.02,0.05,0.23,0.05,1.12,0.11,9.87,0.15,14.1,8.0,A1,Yee,287.7909520833333,-2.6383855555555553
HD 181234,5314,60,1.04,0.1,4.35,0.05,0.35,0.05,0.92,0.04,10.08,0.14,20.8,8.6,A1,Yee,290.0004058333333,-9.323597777777778
HD 18143,5101,60,0.88,0.06,4.43,0.05,0.27,0.05,0.86,0.04,10.06,0.29,44.3,7.6,A1,Yee,43.912747499999995,26.873215000000002
HD 18445,4838,60,0.76,0.03,4.44,0.05,-0.04,0.05,0.76,0.03,10.09,0.3,38.9,7.9,A2,Yee,44.30495,-24.975115
HD 18742,4941,60,5.05,0.81,3.09,0.05,-0.02,0.05,1.2,0.26,9.75,0.3,6.2,7.8,A1,Yee,45.044401666666666,-20.802604722222224
HD 189733,5024,60,0.79,0.04,4.51,0.05,0.07,0.05,0.82,0.04,9.89,0.49,50.4,7.6,A1,Yee,300.1821370833333,22.710853611111112
HD 190228,5238,60,2.15,0.23,3.72,0.05,-0.22,0.05,0.9,0.05,10.08,0.08,15.8,7.3,A1,Yee,300.75321916666667,28.3068575
HD 190571,4999,60,3.6,0.39,3.31,0.05,-0.22,0.05,0.92,0.05,10.08,0.1,9.8,7.5,A1,Yee,301.0981958333333,33.55049444444444
HD 193690,5542,60,0.98,0.09,4.41,0.05,0.2,0.05,0.96,0.05,9.83,0.37,14.3,9.4,A1,Yee,305.63059749999996,-26.159888055555555
HD 195034,5810,60,0.96,0.06,4.48,0.05,-0.0,0.05,1.02,0.04,9.39,0.35,35.7,7.1,A1,Yee,307.04923083333324,22.128991944444444
HD 196124,4833,60,0.74,0.03,4.5,0.05,-0.06,0.05,0.76,0.04,9.98,0.47,33.3,8.9,A1,Yee,308.8029366666666,6.127009999999999
HD 199255,5027,60,3.74,0.57,3.29,0.05,-0.05,0.05,0.97,0.21,10.02,0.28,8.5,7.3,A2,Yee,313.9460625,7.666252500000001
HD 199381,4844,60,4.61,0.62,3.19,0.05,0.17,0.05,1.21,0.18,9.78,0.21,13.6,6.9,A1,Yee,314.19771166666663,1.7151822222222222
HD 200964,4983,60,4.05,0.59,3.22,0.05,-0.07,0.05,0.96,0.2,10.03,0.27,13.9,6.5,A1,Yee,316.66600916666664,3.803118333333333
HD 201924,5401,60,0.89,0.07,4.47,0.05,0.05,0.05,0.9,0.04,9.84,0.45,31.9,7.8,A1,Yee,317.79522541666665,45.455915277777784
HD 202575,4730,60,0.73,0.03,4.5,0.05,-0.02,0.05,0.75,0.03,9.96,0.47,61.8,7.9,A1,Yee,319.1352791666666,9.393826388888888
HD 203471,5425,60,2.34,0.31,3.72,0.05,-0.02,0.05,1.02,0.18,9.94,0.22,7.7,8.3,A1,Yee,320.39330041666665,28.564677500000002
HD 203473,5781,60,1.52,0.2,4.11,0.05,0.19,0.05,1.1,0.11,9.86,0.14,13.2,8.2,A1,Yee,320.57864125,5.023585277777777
HD 20367,6094,60,1.1,0.07,4.46,0.05,0.17,0.05,1.14,0.04,9.18,0.22,37.8,6.4,A1,Yee,49.41686166666666,31.127044444444444
HD 206635,4944,60,2.41,0.24,3.65,0.05,-0.18,0.05,0.87,0.06,10.16,0.04,11.0,8.3,A1,Yee,325.85558374999994,1.8009097222222223
HD 207077,5068,60,3.65,0.39,3.27,0.05,-0.31,0.05,0.92,0.07,10.05,0.11,5.9,8.3,A2,Yee,326.68352958333327,-8.007185277777777
HD 208313,5016,60,0.78,0.04,4.51,0.05,0.02,0.05,0.81,0.04,9.87,0.49,48.8,7.8,A1,Yee,328.68766374999996,32.32856666666667
HD 209393,5651,60,0.86,0.04,4.57,0.05,-0.14,0.05,0.93,0.04,9.31,0.34,29.4,7.9,A1,Yee,330.52245666666664,44.3431675
HD 210373,4876,60,5.06,0.6,3.15,0.05,0.21,0.05,1.34,0.16,9.64,0.17,7.2,7.5,A1,Yee,332.4145629166666,22.24219916666667
HD 211681,5710,60,1.59,0.2,4.1,0.05,0.35,0.05,1.18,0.11,9.77,0.13,14.2,8.1,A1,Yee,331.70444583333335,85.40938138888889
HD 215049,5109,60,2.65,0.35,3.63,0.05,0.06,0.05,1.12,0.16,9.89,0.23,9.3,8.3,A1,Yee,340.71769749999993,-27.886892222222222
HD 216834,5058,60,3.17,0.35,3.4,0.05,-0.23,0.05,0.91,0.06,10.09,0.09,7.7,8.1,A1,Yee,344.08518999999995,-6.5458375
HD 217681,4954,60,3.36,0.42,3.45,0.05,0.24,0.05,1.2,0.16,9.81,0.19,10.7,7.8,A1,Yee,345.63288916666664,-11.265694722222221
HD 21774,5692,60,1.23,0.13,4.25,0.05,0.2,0.05,1.02,0.06,9.93,0.13,18.7,8.2,A1,Yee,52.81426416666666,20.768076388888886
HD 220339,4954,60,0.71,0.04,4.56,0.05,-0.24,0.05,0.75,0.04,9.79,0.52,52.4,7.8,A1,Yee,350.7703970833333,-10.76424361111111
HD 221504,5334,60,2.36,0.28,3.76,0.05,0.29,0.05,1.23,0.12,9.76,0.14,11.8,8.1,A1,Yee,353.2110783333333,-21.687689722222224
HD 221822,5420,60,0.76,0.04,4.57,0.05,-0.37,0.05,0.81,0.04,9.59,0.48,25.8,8.4,A2,Yee,353.84641624999995,2.225327777777778
HD 222038,5629,60,1.22,0.13,4.25,0.05,0.22,0.05,1.0,0.06,9.98,0.12,16.3,8.4,A2,Yee,354.322455,-1.5198230555555554
HD 222986,5859,60,1.04,0.07,4.47,0.05,0.26,0.05,1.09,0.05,9.26,0.29,14.7,8.8,A1,Yee,356.3959170833333,40.44350277777777
HD 224619,5454,60,0.84,0.06,4.49,0.05,-0.17,0.05,0.86,0.05,9.78,0.46,28.7,7.5,A1,Yee,359.8684666666666,-20.03471277777778
HD 22657,4792,60,4.91,0.68,3.11,0.05,0.07,0.05,1.14,0.2,9.86,0.26,7.8,7.8,A1,Yee,54.58527374999999,-11.201459166666666
HD 234314,5566,60,1.47,0.18,4.09,0.05,0.14,0.05,1.0,0.06,10.03,0.1,14.2,9.3,A1,Yee,248.13215416666665,50.18425
HD 23825,5588,60,2.48,0.3,3.74,0.05,0.14,0.05,1.33,0.13,9.62,0.13,9.1,7.9,A1,Yee,57.09140249999999,10.793061111111111
HD 238433,4936,60,4.91,0.73,3.13,0.05,-0.0,0.05,1.24,0.26,9.7,0.29,5.1,8.4,A1,Yee,228.40822041666664,57.191631666666666
HD 24238,4951,60,0.67,0.03,4.54,0.05,-0.45,0.05,0.69,0.03,9.96,0.48,47.8,7.8,A1,Yee,58.76601041666666,61.166806944444446
HD 24892,5341,60,1.63,0.17,3.96,0.05,-0.3,0.05,0.89,0.05,10.08,0.09,24.6,6.9,A1,Yee,59.11944833333333,-25.181341944444444
HD 26007,4778,60,6.5,0.97,2.81,0.05,-0.13,0.05,0.98,0.21,10.0,0.27,3.9,8.4,A1,Yee,61.547594166666656,-23.279815
HD 26161,6033,60,1.47,0.16,4.15,0.05,-0.01,0.05,1.14,0.06,9.72,0.1,24.7,6.9,A1,Yee,62.41189958333333,31.652132777777776
HD 26634,4902,60,4.99,0.64,3.03,0.05,-0.14,0.05,0.96,0.16,10.02,0.22,5.9,8.0,A1,Yee,63.04665416666666,-13.637175
HD 27496,5561,60,1.49,0.19,4.1,0.05,0.33,0.05,1.06,0.09,9.95,0.13,11.2,8.9,A1,Yee,65.18336249999999,8.408991666666667
HD 27859,6013,60,1.07,0.06,4.47,0.05,0.21,0.05,1.12,0.04,9.19,0.23,22.1,7.8,A1,Yee,66.11802875,16.886167222222223
HD 28005,5747,60,1.29,0.15,4.24,0.05,0.28,0.05,1.08,0.08,9.82,0.14,33.4,6.7,A1,Yee,66.85293416666666,46.85315361111111
HD 30708,5707,60,1.22,0.13,4.26,0.05,0.15,0.05,1.01,0.05,9.94,0.11,33.3,6.8,A1,Yee,72.87267958333331,35.81513972222222
HD 31253,6027,60,1.72,0.22,4.06,0.05,0.21,0.05,1.28,0.11,9.6,0.11,17.2,7.1,A1,Yee,73.68189041666666,12.352194166666667
HD 31423,6603,60,2.18,0.27,3.94,0.05,0.11,0.05,1.57,0.1,9.28,0.06,15.8,6.4,A1,Yee,74.03739541666666,7.904670277777778
HD 31451,4921,60,3.8,0.55,3.34,0.05,0.0,0.05,1.15,0.22,9.84,0.27,8.8,8.1,A1,Yee,74.46084375,39.632376111111114
HD 31560,4702,60,0.74,0.03,4.48,0.05,0.13,0.05,0.76,0.03,10.0,0.45,38.9,8.1,A2,Yee,73.92462708333333,-28.563911666666666
HD 33636,5960,60,0.99,0.06,4.49,0.05,-0.06,0.05,1.04,0.04,9.27,0.29,34.0,7.1,A1,Yee,77.94353916666667,4.403539444444445
HD 3404,5339,60,2.17,0.26,3.81,0.05,0.2,0.05,1.15,0.12,9.84,0.16,12.2,7.9,A1,Yee,9.195064999999998,-24.500930833333335
HD 3458,5101,60,6.88,0.85,2.95,0.05,0.12,0.05,1.58,0.16,9.39,0.15,1.8,8.2,A1,Yee,9.345614583333331,-19.565024722222223
HD 35112,4895,60,0.76,0.04,4.46,0.05,-0.08,0.05,0.76,0.03,10.07,0.37,50.2,7.7,A2,Yee,80.65618458333331,2.6032358333333336
HD 3684,6163,60,2.28,0.28,3.9,0.05,0.33,0.05,1.55,0.1,9.38,0.09,,7.3,A3,Yee,9.927370416666665,8.122804166666667
HD 37008,4980,60,0.69,0.03,4.53,0.05,-0.42,0.05,0.7,0.03,9.99,0.44,48.7,7.7,A2,Yee,84.54941999999997,51.445744722222216
HD 37124,5604,60,0.76,0.04,4.6,0.05,-0.45,0.05,0.82,0.04,9.41,0.42,30.1,7.7,A2,Yee,84.26036083333332,20.730786666666663
HD 37213,5447,60,1.59,0.17,3.98,0.05,-0.4,0.05,0.87,0.06,10.09,0.1,12.7,8.2,A1,Yee,83.92118166666666,-27.62082638888889
HD 37394,5249,60,0.85,0.05,4.5,0.05,0.15,0.05,0.89,0.04,9.73,0.49,81.7,6.2,A2,Yee,85.33473166666667,53.48105777777778
HD 37605,5329,60,1.0,0.09,4.36,0.05,0.27,0.05,0.91,0.04,10.08,0.16,21.6,8.7,A1,Yee,85.00720125,6.060575555555555
HD 3795,5380,60,1.47,0.12,4.11,0.05,-0.54,0.05,0.83,0.02,10.16,0.03,39.9,6.1,A1,Yee,10.136641249999998,-23.804924444444445
HD 38467,5753,60,1.43,0.17,4.15,0.05,0.24,0.05,1.09,0.1,9.86,0.14,13.9,8.2,A1,Yee,86.16399708333331,-29.91667166666667
HD 3861,6219,60,1.28,0.13,4.29,0.05,0.17,0.05,1.21,0.05,9.4,0.22,30.1,6.5,A1,Yee,10.299475,9.3550575
HD 39094,5432,60,1.83,0.24,3.94,0.05,0.23,0.05,1.1,0.11,9.92,0.15,15.8,7.9,A1,Yee,87.99873374999999,37.832463611111116
HD 40537,4962,60,3.07,0.4,3.45,0.05,-0.09,0.05,0.91,0.17,10.12,0.22,13.6,7.3,A1,Yee,89.64766999999999,-21.543892777777778
HD 4203,5582,60,1.56,0.2,4.08,0.05,0.35,0.05,1.09,0.11,9.91,0.15,12.7,8.7,A1,Yee,11.171667499999998,20.448927222222224
HD 42807,5730,60,0.93,0.05,4.52,0.05,0.01,0.05,0.99,0.04,9.33,0.34,55.2,6.4,A2,Yee,93.30209499999998,10.627142222222222
HD 4313,4943,60,4.53,0.58,3.24,0.05,0.19,0.05,1.32,0.17,9.66,0.19,7.6,7.8,A1,Yee,11.418157083333332,7.845020833333333
HD 43162,5617,60,0.89,0.04,4.55,0.05,0.01,0.05,0.97,0.04,9.33,0.36,16.3,6.4,A2,Yee,93.43873041666666,-23.86193638888889
HD 4395,5495,60,2.69,0.3,3.61,0.05,-0.15,0.05,1.07,0.07,9.85,0.1,11.0,7.7,A1,Yee,11.557290416666666,-11.452375555555555
HD 44985,5984,60,1.09,0.1,4.36,0.05,-0.02,0.05,1.06,0.05,9.57,0.29,30.3,7.0,A1,Yee,96.33435208333333,11.233245555555555
HD 45067,5940,60,2.01,0.24,3.92,0.05,-0.01,0.05,1.22,0.11,9.68,0.12,30.2,5.9,A2,Yee,96.31894249999999,-0.9458827777777777
HD 48345,4992,60,4.11,0.5,3.32,0.05,0.2,0.05,1.32,0.16,9.66,0.17,8.5,7.5,A2,Yee,100.94654291666666,18.65590111111111
HD 5133,4921,60,0.75,0.03,4.55,0.05,-0.06,0.05,0.78,0.04,9.75,0.52,71.7,7.2,A1,Yee,13.25472833333333,-30.35691416666667
HD 53927,4899,60,0.7,0.03,4.56,0.05,-0.29,0.05,0.72,0.04,9.85,0.51,43.4,8.3,A1,Yee,107.01766124999999,29.83449583333333
HD 56274,5788,60,0.79,0.05,4.56,0.05,-0.51,0.05,0.84,0.04,9.48,0.42,30.3,7.8,A1,Yee,108.96164666666665,-13.049481111111112
HD 57204,5097,60,3.15,0.41,3.52,0.05,0.21,0.05,1.23,0.15,9.76,0.17,12.0,8.0,A2,Yee,110.49954708333331,39.959995000000006
HD 6030,4926,60,4.3,0.58,3.26,0.05,0.07,0.05,1.26,0.2,9.71,0.25,5.8,7.9,A1,Yee,15.428699583333332,9.74602611111111
HD 61606,4918,60,0.77,0.03,4.53,0.05,0.09,0.05,0.81,0.04,9.81,0.51,71.1,7.2,A1,Yee,114.99720249999999,-3.5975075000000003
HD 61995,4989,60,3.9,0.58,3.26,0.05,-0.04,0.05,0.99,0.22,10.0,0.28,10.9,7.2,A1,Yee,115.94673958333331,43.794650555555556
HD 63754,6033,60,1.95,0.24,3.99,0.05,0.24,0.05,1.38,0.1,9.54,0.08,20.1,6.5,A1,Yee,117.43860124999998,-20.2076325
HD 64413,4906,60,7.8,1.11,2.69,0.05,-0.15,0.05,1.1,0.19,9.81,0.22,3.0,8.2,A1,Yee,118.46576874999998,0.3314586111111111
HD 66428,5670,60,1.18,0.12,4.29,0.05,0.23,0.05,1.02,0.06,9.91,0.15,18.7,8.3,A1,Yee,120.86944833333334,-1.1627105555555555
HD 68988,5866,60,1.23,0.14,4.29,0.05,0.31,0.05,1.13,0.06,9.63,0.21,16.7,8.2,A1,Yee,124.59238666666667,61.46072083333333
HD 69960,5600,60,1.58,0.2,4.06,0.05,0.28,0.05,1.08,0.1,9.93,0.14,16.0,8.0,A1,Yee,125.56708583333332,56.83645666666667
HD 72440,5599,60,2.3,0.3,3.75,0.05,-0.01,0.05,1.09,0.16,9.84,0.18,7.0,8.3,A1,Yee,128.75451208333334,50.472007500000004
HD 72490,4935,60,4.03,0.54,3.21,0.05,-0.11,0.05,0.93,0.18,10.07,0.24,8.1,7.8,A1,Yee,128.40271666666666,13.550788055555556
HD 72687,5795,60,0.95,0.05,4.53,0.05,0.03,0.05,1.02,0.04,9.26,0.31,22.6,8.3,A1,Yee,128.31408,-29.956588611111112
HD 72760,5293,60,0.84,0.05,4.52,0.05,0.09,0.05,0.89,0.04,9.67,0.47,47.6,7.3,A1,Yee,128.63188249999996,-0.7260633333333334
HD 74390,4874,60,4.5,0.57,3.23,0.05,0.19,0.05,1.26,0.17,9.74,0.2,7.2,8.2,A1,Yee,131.33919916666667,42.403839166666664
HD 77818,4777,60,4.34,0.62,3.19,0.05,-0.01,0.05,1.07,0.19,9.95,0.26,8.5,7.6,A1,Yee,136.85891041666665,58.875054722222224
HD 80367,5073,60,0.83,0.04,4.43,0.05,0.04,0.05,0.81,0.03,10.08,0.27,35.2,8.2,A1,Yee,139.86796791666666,0.8970605555555555
HD 80606,5525,60,1.13,0.11,4.31,0.05,0.29,0.05,0.98,0.05,9.98,0.15,15.3,9.0,A1,Yee,140.65657,50.60373194444445
HD 8407,4923,60,4.92,0.67,3.05,0.05,-0.12,0.05,0.97,0.17,10.01,0.23,6.3,7.8,A1,Yee,20.760886666666664,-16.560311111111112
HD 84737,5872,60,1.55,0.19,4.1,0.05,0.14,0.05,1.13,0.09,9.8,0.12,54.3,5.1,A2,Yee,147.14738041666666,46.021007222222224
HD 8553,5054,60,0.8,0.04,4.48,0.05,-0.01,0.05,0.81,0.04,10.01,0.41,32.1,8.5,A1,Yee,21.22476708333333,18.499931944444445
HD 8594,4800,60,5.4,0.73,3.07,0.05,0.14,0.05,1.26,0.2,9.73,0.24,10.7,7.2,A2,Yee,21.42318125,44.786538888888884
HD 86081,5939,60,1.52,0.18,4.14,0.05,0.23,0.05,1.19,0.09,9.69,0.11,9.7,8.7,A1,Yee,149.02465999999998,-3.808423611111111
HD 87424,5017,60,0.76,0.03,4.56,0.05,-0.05,0.05,0.81,0.04,9.66,0.51,43.2,8.1,A1,Yee,151.1569120833333,-11.729699722222222
HD 87883,4942,60,0.78,0.04,4.5,0.05,0.13,0.05,0.81,0.04,9.92,0.48,55.3,7.5,A1,Yee,152.1797520833333,34.24226277777778
HD 88133,5392,60,2.02,0.24,3.88,0.05,0.33,0.05,1.18,0.1,9.82,0.12,13.5,8.1,A1,Yee,152.531985,18.18686888888889
HD 88654,5197,60,2.94,0.37,3.59,0.05,0.19,0.05,1.24,0.15,9.73,0.16,9.9,7.7,A1,Yee,153.31844708333333,-8.445551111111111
HD 93396,5327,60,2.46,0.31,3.74,0.05,0.31,0.05,1.25,0.14,9.74,0.14,8.9,8.0,A2,Yee,161.70725041666668,-9.399026388888888
HD 95088,5103,60,2.67,0.31,3.65,0.05,0.28,0.05,1.19,0.12,9.81,0.15,9.0,8.4,A1,Yee,164.82475499999995,43.87338861111111
HD 95526,4832,60,4.25,0.65,3.2,0.05,-0.06,0.05,1.05,0.22,9.96,0.27,6.2,8.3,A1,Yee,165.5357458333333,43.72110777777778
HD 9625,4946,60,7.26,0.83,2.89,0.05,0.16,0.05,1.53,0.14,9.46,0.14,6.3,8.4,A1,Yee,23.568088749999998,-6.272590833333333
HD 96612,4862,60,0.73,0.03,4.53,0.05,-0.11,0.05,0.75,0.04,9.9,0.5,43.9,8.3,A1,Yee,167.0583933333333,38.426631666666665
KOI-1925,5410,60,0.9,0.05,4.48,0.03,0.11,0.06,0.91,0.04,9.81,0.34,14.4,9.6,B1,Yee,293.67917583333326,46.852760555555555
KOI-975,6190,60,1.84,0.14,4.0,0.03,-0.16,0.06,1.26,0.09,9.53,0.1,9.0,8.2,B1,Yee,287.3618120833333,38.71401527777778
KOI-1612,6060,60,1.19,0.08,4.29,0.03,-0.2,0.06,1.02,0.06,9.75,0.11,11.0,8.8,B1,Yee,284.786185,48.42322222222222
KIC 10018963,6020,60,1.83,0.15,3.95,0.03,-0.35,0.06,1.1,0.1,9.72,0.12,7.0,8.8,B1,Yee,294.7528016666666,46.901939999999996
KIC 10068307,6114,60,2.02,0.16,3.93,0.03,-0.22,0.06,1.3,0.09,9.49,0.11,8.6,8.2,B1,Yee,288.9778608333333,47.061175
KIC 10162436,6200,60,2.03,0.15,3.95,0.03,-0.08,0.06,1.36,0.09,9.48,0.09,7.2,8.7,B1,Yee,298.7257541666666,47.14526361111111
KIC 10355856,6350,60,1.64,0.12,4.08,0.03,-0.19,0.06,1.21,0.09,9.58,0.1,5.6,9.2,B1,Yee,297.55947,47.47365722222222
KIC 10454113,6120,60,1.2,0.08,4.31,0.03,-0.06,0.06,1.1,0.06,9.6,0.15,8.9,8.7,B1,Yee,284.1527141666666,47.65642583333333
KIC 10516096,5940,60,1.39,0.1,4.18,0.03,-0.06,0.06,1.08,0.05,9.78,0.08,7.3,9.5,B1,Yee,282.39024416666666,47.71100194444445
KIC 10644253,6030,60,1.1,0.06,4.4,0.03,0.12,0.06,1.12,0.04,9.34,0.26,10.1,9.3,B1,Yee,280.92676249999994,47.937780277777776
KIC 10709834,6508,60,1.72,0.13,4.09,0.03,-0.08,0.06,1.34,0.08,9.42,0.07,4.3,9.8,B1,Yee,281.44792666666666,48.082499722222224
KIC 11026764,5682,60,2.06,0.19,3.88,0.03,0.05,0.06,1.2,0.14,9.74,0.16,,9.7,B3,Yee,290.35266791666663,48.514810833333335
KIC 11137075,5590,60,1.63,0.12,4.01,0.03,-0.06,0.06,1.0,0.06,9.98,0.1,3.8,10.9,B1,Yee,291.62109374999994,48.712090555555555
KIC 11244118,5745,60,1.62,0.14,4.09,0.03,0.35,0.06,1.2,0.1,9.74,0.13,6.3,9.8,B1,Yee,291.83537499999994,48.95333611111111
KIC 11414712,5635,60,2.18,0.18,3.8,0.03,-0.05,0.06,1.08,0.13,9.85,0.15,7.8,8.7,B1,Yee,297.0933641666667,49.236625555555555
KIC 11717120,5150,60,2.23,0.14,3.68,0.03,-0.3,0.06,0.86,0.04,10.13,0.06,6.8,9.5,B1,Yee,294.07853416666666,49.82415166666667
KIC 12009504,6065,60,1.35,0.11,4.21,0.03,-0.09,0.06,1.1,0.07,9.71,0.09,7.0,9.3,B1,Yee,289.4408408333333,50.48007611111111
KIC 12258514,5990,60,1.55,0.11,4.11,0.03,0.04,0.06,1.14,0.07,9.75,0.1,12.1,8.2,B1,Yee,291.59204416666665,50.987315
KIC 1435467,6264,60,1.69,0.13,4.09,0.03,-0.01,0.06,1.3,0.08,9.51,0.09,5.6,9.0,B1,Yee,292.08268374999994,37.05983416666666
KIC 3427720,6040,60,1.1,0.07,4.38,0.03,-0.03,0.06,1.08,0.05,9.5,0.25,10.5,9.2,B1,Yee,286.4385904166666,38.522933333333334
KIC 3656476,5710,60,1.32,0.1,4.23,0.03,0.34,0.06,1.1,0.08,9.81,0.14,8.6,9.6,B1,Yee,294.20339,38.71577472222223
KIC 4914923,5905,60,1.37,0.1,4.21,0.03,0.17,0.06,1.12,0.07,9.76,0.11,7.3,9.5,B1,Yee,289.1454275,40.04732194444444
KIC 5021689,6168,60,1.81,0.14,4.02,0.03,-0.08,0.06,1.28,0.09,9.54,0.1,,,B3,Yee,294.71970708333333,40.15374333333333
KIC 5184732,5840,60,1.31,0.1,4.26,0.03,0.38,0.06,1.16,0.06,9.65,0.13,14.2,8.3,B1,Yee,291.1264533333333,40.32324194444445
KIC 5596656,5094,60,3.32,0.27,3.35,0.03,-0.46,0.06,0.9,0.08,10.07,0.14,3.0,9.8,B1,Yee,282.8201291666667,40.85393444444445
KIC 5773345,6130,60,1.94,0.15,4.0,0.03,0.21,0.06,1.39,0.09,9.51,0.08,5.2,9.3,B1,Yee,285.43771166666664,41.080578333333335
KIC 5955122,5837,60,2.09,0.15,3.87,0.03,-0.17,0.06,1.18,0.08,9.65,0.12,5.2,9.4,B1,Yee,290.12226749999996,41.29125277777778
KIC 6106415,5990,60,1.17,0.08,4.31,0.03,-0.09,0.06,1.04,0.06,9.73,0.11,24.1,7.2,B1,Yee,285.415325,41.49009111111111
KIC 6116048,5935,60,1.17,0.08,4.28,0.03,-0.24,0.06,0.96,0.05,9.87,0.09,13.3,8.5,B1,Yee,289.44315208333336,41.41023277777778
KIC 6225718,6230,60,1.19,0.07,4.32,0.03,-0.17,0.06,1.09,0.06,9.56,0.16,19.1,7.5,B1,Yee,297.3255783333333,41.582460833333336
KIC 6442183,5760,60,1.65,0.11,4.03,0.03,-0.11,0.06,1.07,0.05,9.81,0.1,10.9,8.6,B1,Yee,291.5804533333333,41.870200555555556
KIC 6603624,5625,60,1.15,0.08,4.32,0.03,0.28,0.06,1.01,0.06,9.9,0.14,12.0,9.2,B1,Yee,291.04663874999994,42.052701666666664
KIC 6933899,5860,60,1.55,0.11,4.09,0.03,0.02,0.06,1.09,0.06,9.85,0.09,7.0,9.8,B1,Yee,286.7430333333333,42.435627777777775
KIC 7206837,6304,60,1.54,0.11,4.17,0.03,0.14,0.06,1.29,0.05,9.48,0.07,4.8,9.8,B1,Yee,293.76557166666663,42.73797888888889
KIC 7680114,5855,60,1.39,0.1,4.18,0.03,0.11,0.06,1.08,0.07,9.85,0.11,5.9,10.2,B1,Yee,290.9850466666666,43.31459361111111
KIC 7747078,5840,60,1.99,0.15,3.91,0.03,-0.26,0.06,1.17,0.1,9.63,0.12,5.4,9.5,B1,Yee,289.72555708333334,43.49630305555556
KIC 7799349,5115,60,2.67,0.21,3.67,0.03,0.41,0.06,1.22,0.12,9.78,0.14,5.3,9.7,B1,Yee,281.05337291666666,43.533990833333334
KIC 7871531,5400,60,0.84,0.05,4.49,0.03,-0.24,0.06,0.82,0.05,9.96,0.22,15.2,9.4,B1,Yee,282.9149725,43.63603527777778
KIC 7940546,6264,60,1.85,0.15,3.99,0.03,-0.19,0.06,1.24,0.1,9.55,0.1,11.1,7.4,B1,Yee,283.0687433333333,43.709944722222225
KIC 7970740,5290,60,0.72,0.03,4.58,0.03,-0.49,0.06,0.74,0.04,9.83,0.48,36.6,8.0,B1,Yee,295.44018916666664,43.74769888888889
KIC 7976303,6053,60,1.95,0.16,3.87,0.03,-0.53,0.06,1.03,0.09,9.81,0.13,6.4,9.2,B1,Yee,297.0595470833333,43.74693361111111
KIC 8006161,5390,60,0.92,0.04,4.49,0.03,0.34,0.06,0.97,0.04,9.56,0.39,36.8,7.5,B1,Yee,281.1463295833333,43.833275
KIC 8179536,6344,60,1.33,0.09,4.27,0.03,0.01,0.06,1.22,0.05,9.41,0.14,7.1,9.5,B1,Yee,296.3498508333333,44.07662916666667
KIC 8228742,6042,60,1.77,0.13,4.02,0.03,-0.14,0.06,1.19,0.07,9.63,0.1,5.6,9.5,B1,Yee,290.1997466666666,44.15520861111111
KIC 8394589,6114,60,1.12,0.07,4.32,0.03,-0.36,0.06,0.97,0.05,9.79,0.11,7.8,9.6,B1,Yee,300.46426999999994,44.353929722222226
KIC 8524425,5634,60,1.8,0.16,3.98,0.03,0.14,0.06,1.13,0.11,9.85,0.14,5.6,9.9,B1,Yee,300.6388375,44.53305388888889
KIC 8561221,5245,60,2.56,0.27,3.61,0.03,-0.06,0.06,0.96,0.18,10.04,0.24,3.5,10.1,B1,Yee,292.28516874999997,44.641236666666664
KIC 8694723,6120,60,1.42,0.1,4.1,0.03,-0.59,0.06,0.93,0.04,9.93,0.06,8.2,8.9,B1,Yee,293.9607245833333,44.880561666666665
KIC 8702606,5540,60,2.24,0.18,3.76,0.03,-0.09,0.06,1.05,0.12,9.9,0.14,5.4,9.5,B1,Yee,296.5743604166666,44.82767055555556
KIC 8751420,5264,60,2.27,0.16,3.7,0.03,-0.15,0.06,0.94,0.06,10.07,0.1,17.2,7.0,B1,Yee,291.0140799999999,44.93353833333333
KIC 8938364,5630,60,1.33,0.1,4.16,0.03,-0.2,0.06,0.94,0.06,9.97,0.1,6.2,10.2,B1,Yee,285.5412383333333,45.27759916666667
KIC 9098294,5840,60,1.14,0.08,4.3,0.03,-0.13,0.06,0.98,0.05,9.87,0.09,8.0,9.9,B1,Yee,295.0883783333333,45.48915638888889
KIC 9139151,6125,60,1.14,0.06,4.38,0.03,0.11,0.06,1.15,0.04,9.29,0.24,9.6,9.3,B1,Yee,284.08860083333326,45.514787222222225
KIC 9139163,6400,60,1.53,0.11,4.18,0.03,0.15,0.06,1.32,0.05,9.41,0.08,9.6,8.3,B1,Yee,284.09219499999995,45.507044722222226
KIC 9206432,6608,60,1.49,0.09,4.23,0.03,0.23,0.06,1.39,0.06,9.16,0.13,6.6,9.1,B1,Yee,285.93806458333336,45.60838583333334
HIP 10337,4051,239,0.694,0.072,4.67,0.06,0.12,0.1,0.65,0.07,9.6,0.53,42.6,9.8,C1,Yee,33.30068583333333,-21.196454444444445
HIP 105341,4033,242,0.673,0.063,4.67,0.05,-0.05,0.1,0.64,0.07,9.64,0.52,63.2,9.1,C1,Yee,320.0575887499999,-19.852284166666667
HIP 114156,4146,209,0.66,0.051,4.67,0.05,-0.02,0.1,0.65,0.06,9.59,0.52,45.1,9.6,C1,Yee,346.7794129166666,-23.159451666666666
HIP 118261,4615,214,0.715,0.051,4.62,0.05,-0.04,0.1,0.74,0.06,9.58,0.52,44.0,8.7,C1,Yee,359.8070808333333,-26.04874666666667
HIP 12493,4276,193,0.662,0.047,4.68,0.04,-0.29,0.1,0.64,0.06,9.6,0.52,41.9,9.5,C1,Yee,40.17863791666666,1.1986777777777777
HIP 15095,4227,199,0.653,0.047,4.67,0.04,-0.21,0.1,0.64,0.06,9.61,0.52,54.0,9.1,C1,Yee,48.68593458333333,-26.446248611111113
HIP 1532,4039,241,0.594,0.055,4.71,0.06,-0.37,0.1,0.58,0.06,9.6,0.53,49.3,9.9,C1,Yee,4.773176249999999,-9.964852222222222
HIP 19165,4298,200,0.659,0.047,4.68,0.04,-0.22,0.1,0.65,0.06,9.56,0.52,38.7,9.7,C1,Yee,61.64517374999999,-20.853118611111114
HIP 25220,4505,179,0.702,0.042,4.63,0.04,0.05,0.1,0.73,0.06,9.58,0.52,68.5,7.9,C1,Yee,80.90991416666665,17.324116666666665
HIP 36551,4395,193,0.669,0.046,4.66,0.04,-0.3,0.1,0.66,0.06,9.63,0.52,48.5,8.9,C1,Yee,112.78213166666666,14.614143055555555
HIP 40375,4334,209,0.711,0.052,4.65,0.04,0.03,0.1,0.7,0.06,9.55,0.52,52.0,8.8,C1,Yee,123.64964291666664,13.02282638888889
HIP 40910,4159,228,0.633,0.053,4.67,0.05,-0.06,0.1,0.64,0.06,9.6,0.52,44.4,9.7,C1,Yee,125.23053749999998,14.0713325
HIP 45839,4426,198,0.714,0.05,4.63,0.04,0.05,0.1,0.72,0.06,9.61,0.52,41.8,9.1,C1,Yee,140.18465458333333,-5.753971111111111
HIP 47201,4207,212,0.696,0.054,4.66,0.05,0.03,0.1,0.67,0.06,9.63,0.52,44.5,9.4,C1,Yee,144.29725125,22.694141944444446
HIP 48411,4357,199,0.742,0.072,4.63,0.04,0.2,0.1,0.72,0.07,9.62,0.52,47.7,8.8,C2,Yee,148.04734499999998,3.221840277777778
HIP 4845,3967,301,0.632,0.073,4.72,0.12,-0.19,0.1,0.59,0.09,9.62,0.52,46.7,10.0,C1,Yee,15.588058749999998,-10.423858888888889
HIP 54810,4395,185,0.681,0.044,4.64,0.04,0.03,0.1,0.7,0.06,9.58,0.52,54.2,8.6,C1,Yee,168.30514416666665,4.482343055555556
HIP 5663,4186,222,0.672,0.055,4.67,0.05,-0.05,0.1,0.66,0.06,9.58,0.52,44.0,9.5,C1,Yee,18.192212499999997,-25.235578333333333
HIP 66222,3904,266,0.667,0.087,4.7,0.07,-0.11,0.1,0.59,0.08,9.62,0.52,48.8,9.9,C2,Yee,203.58959124999996,4.667400277777778
HIP 93871,4449,177,0.681,0.043,4.67,0.04,-0.47,0.1,0.65,0.05,9.67,0.52,40.8,9.2,C1,Yee,286.75850291666666,7.615875833333333
HIP 97051,4200,248,0.631,0.057,4.7,0.07,-0.19,0.1,0.62,0.07,9.59,0.52,38.5,10.0,C1,Yee,295.85556541666665,10.089512500000001
HD 111631,3989,60,0.646,0.02,4.66,0.05,0.24,0.08,0.7,0.07,9.79,0.51,93.7,8.5,D1,Yee,192.68152833333332,-0.7681297222222223
HD 1326B,3218,60,0.192,0.008,5.07,0.05,-0.3,0.08,0.16,0.02,9.64,0.53,,11.0,D3,Yee,4.607604583333333,44.027247777777774
HD 157881,4124,60,0.649,0.02,4.66,0.05,0.19,0.08,0.71,0.07,9.65,0.52,129.3,7.6,D1,Yee,261.43846833333333,2.1114230555555555
HD 165222,3614,60,0.459,0.016,4.79,0.05,-0.22,0.08,0.47,0.05,9.7,0.52,128.3,9.4,D2,Yee,271.2815779166666,-3.0313191666666666
HD 180617,3558,60,0.474,0.016,4.76,0.05,0.1,0.08,0.47,0.05,9.7,0.52,169.4,9.1,D1,Yee,289.23023541666663,5.168900000000001
HD 209290,3848,60,0.546,0.019,4.74,0.05,0.02,0.08,0.59,0.06,9.56,0.52,94.2,9.1,D1,Yee,330.54281249999997,1.400231111111111
HD 232979,3929,60,0.608,0.02,4.68,0.05,-0.11,0.08,0.65,0.07,9.78,0.51,101.2,8.9,D1,Yee,69.42054333333333,52.893614444444445
HD 245409,3966,60,0.601,0.02,4.69,0.05,0.05,0.08,0.65,0.07,9.66,0.52,87.7,8.9,D1,Yee,84.12912666666665,11.32786861111111
HD 265866,3448,60,0.358,0.013,4.88,0.05,-0.02,0.08,0.35,0.04,9.66,0.52,180.3,10.1,D1,Yee,103.70399166666665,33.26817722222222
HD 28343,4124,62,0.687,0.023,4.64,0.05,0.39,0.08,0.74,0.07,9.77,0.51,89.0,8.3,D1,Yee,67.25051583333332,21.922699166666668
GJ 628,3272,60,0.325,0.012,4.88,0.05,-0.03,0.08,0.29,0.03,9.85,0.48,232.3,10.1,D1,Yee,247.57524291666664,-12.662589166666667
GL 105B,3284,60,0.278,0.01,4.94,0.05,-0.12,0.03,0.25,0.03,9.85,0.51,,11.7,D3,Yee,39.06361166666667,6.871643055555556
GL 109,3405,60,0.364,0.014,4.85,0.05,-0.1,0.08,0.34,0.03,9.72,0.51,132.4,10.6,D2,Yee,41.064623749999996,25.523365
GL 2066,3500,60,0.461,0.017,4.77,0.05,-0.12,0.08,0.45,0.04,9.78,0.51,112.0,10.1,D1,Yee,124.03325541666668,1.3025736111111113
GL 239,3801,60,0.423,0.015,4.86,0.05,-0.34,0.08,0.47,0.05,9.49,0.52,99.5,9.6,D1,Yee,99.294995,17.564814722222224
GL 250B,3481,60,0.46,0.017,4.76,0.05,0.14,0.03,0.44,0.04,9.69,0.52,,10.1,D3,Yee,103.07517291666666,-5.190011666666667
GL 273,3317,60,0.315,0.012,4.89,0.05,-0.11,0.08,0.28,0.03,9.85,0.49,263.3,9.9,D2,Yee,111.85207874999999,5.225789166666667
GL 382,3623,60,0.522,0.019,4.72,0.05,0.13,0.08,0.53,0.05,9.75,0.52,128.0,9.3,D2,Yee,153.07361749999998,-3.7456644444444445
GL 393,3548,60,0.42,0.016,4.82,0.05,-0.18,0.08,0.43,0.04,9.66,0.52,138.3,9.7,D2,Yee,157.2314633333333,0.8409994444444445
GL 514,3727,61,0.483,0.016,4.79,0.05,-0.09,0.08,0.53,0.05,9.54,0.52,131.1,9.0,D2,Yee,202.49910749999995,10.377162222222223
GL 625,3475,60,0.331,0.012,4.9,0.05,-0.35,0.08,0.32,0.03,9.75,0.51,154.1,10.2,D1,Yee,246.3525958333333,54.30410138888889
GL 686,3657,60,0.424,0.015,4.83,0.05,-0.25,0.08,0.44,0.04,9.63,0.53,123.0,9.6,D2,Yee,264.47227833333335,18.59171222222222
GL 694,3464,61,0.44,0.017,4.79,0.05,0.0,0.08,0.43,0.04,9.72,0.52,105.4,10.5,D2,Yee,265.9831787499999,43.37861111111111
GL 745A,3500,60,0.31,0.012,4.93,0.05,-0.33,0.08,0.3,0.03,9.75,0.52,113.4,10.8,D1,Yee,286.7731858333333,20.88803888888889
GL 806,3542,61,0.443,0.018,4.78,0.05,-0.15,0.08,0.43,0.04,9.72,0.52,83.0,10.7,D1,Yee,311.26707999999996,44.499068055555554
GL 83.1,3080,60,0.187,0.01,5.05,0.05,-0.16,0.08,0.14,0.01,9.68,0.53,,12.3,D3,Yee,30.053984583333328,13.051944444444445
GL 87,3638,62,0.443,0.017,4.79,0.05,-0.36,0.08,0.44,0.04,9.74,0.52,94.8,10.0,D1,Yee,33.08744708333333,3.57562
GL 875,3740,61,0.563,0.024,4.7,0.05,0.02,0.08,0.58,0.06,9.77,0.51,71.4,9.8,D2,Yee,342.58093458333326,-7.090104999999999
GL 896A,3353,60,0.409,0.016,4.79,0.05,0.03,0.08,0.38,0.04,9.76,0.51,,10.2,D3,Yee,352.9673908333333,19.937258333333332
GL 908,3646,60,0.407,0.014,4.83,0.05,-0.45,0.08,0.41,0.04,9.72,0.52,169.1,9.0,D1,Yee,357.30218749999995,2.401223611111111
HIP 104432,3545,60,0.369,0.016,4.86,0.05,-0.45,0.08,0.36,0.04,9.7,0.52,84.9,10.9,D1,Yee,317.3226129166666,-13.302503611111112
HIP 109388,3530,60,0.47,0.018,4.78,0.05,0.37,0.08,0.48,0.05,9.65,0.52,113.2,10.4,D1,Yee,332.41810124999995,-4.640736111111111
HIP 11048,3785,62,0.599,0.021,4.67,0.05,0.14,0.08,0.61,0.06,9.85,0.49,83.9,9.3,D2,Yee,35.56101541666666,47.88002888888889
HIP 115332,3324,60,0.416,0.02,4.79,0.05,0.24,0.08,0.39,0.04,9.68,0.52,93.5,11.7,D2,Yee,350.4060358333333,17.29038638888889
HIP 115562,3764,60,0.539,0.02,4.74,0.05,0.31,0.08,0.58,0.06,9.55,0.52,75.8,10.1,D1,Yee,351.1271441666666,57.85431027777778
HIP 15366,3700,61,0.628,0.031,4.65,0.05,0.53,0.08,0.64,0.06,9.76,0.51,57.8,10.3,D2,Yee,49.531168333333326,38.25206583333333
HIP 1734,3600,60,0.528,0.028,4.73,0.05,0.27,0.08,0.55,0.06,9.69,0.52,55.2,11.1,D1,Yee,5.483519166666666,-31.40605833333333
HIP 21556,3671,61,0.444,0.017,4.82,0.05,-0.04,0.08,0.47,0.05,9.55,0.52,89.5,10.3,D1,Yee,69.42444041666666,-11.038881111111111
HIP 22762,3506,60,0.421,0.019,4.81,0.05,-0.24,0.08,0.41,0.04,9.75,0.51,83.7,10.9,D1,Yee,73.45824958333333,-17.773419166666667
HIP 23512,3365,60,0.284,0.013,4.95,0.05,-0.12,0.08,0.26,0.03,9.75,0.52,107.9,11.7,D1,Yee,75.83368499999999,-17.37353361111111
HIP 36338,3448,60,0.404,0.019,4.82,0.05,-0.01,0.08,0.4,0.04,9.69,0.51,79.7,11.5,D2,Yee,112.18933,-3.2981427777777776
HIP 36834,3681,60,0.385,0.016,4.87,0.05,-0.37,0.08,0.4,0.04,9.62,0.52,85.2,10.4,D1,Yee,113.61430374999999,62.94148833333333
HIP 37217,3358,60,0.315,0.016,4.9,0.05,-0.18,0.08,0.29,0.03,9.81,0.51,92.2,11.7,D2,Yee,114.67066833333331,-21.224578055555554
HIP 46769,3692,60,0.518,0.021,4.74,0.05,-0.2,0.08,0.53,0.05,9.72,0.52,73.6,10.1,D1,Yee,142.98472041666665,36.32022861111111
HIP 47513,3500,60,0.485,0.019,4.74,0.05,-0.05,0.08,0.47,0.05,9.83,0.49,86.2,10.4,D1,Yee,145.29316791666665,13.209562222222221
HIP 51007,3700,60,0.497,0.02,4.76,0.05,-0.02,0.08,0.52,0.05,9.63,0.53,78.3,10.1,D1,Yee,156.2951545833333,-10.228691666666666
HIP 5643,3056,60,0.168,0.009,5.1,0.05,-0.26,0.08,0.13,0.01,9.61,0.52,269.1,12.1,D2,Yee,18.12765333333333,-16.998988333333333
HIP 57050,3304,61,0.376,0.018,4.81,0.05,0.07,0.08,0.34,0.03,9.78,0.51,90.9,12.0,D1,Yee,175.4359825,42.75197277777778
HIP 57548,3192,60,0.197,0.008,5.08,0.05,-0.02,0.08,0.17,0.02,9.62,0.53,295.8,11.2,D1,Yee,176.9349883333333,0.8045555555555556
HIP 59748,3900,61,0.669,0.038,4.63,0.06,0.14,0.08,0.7,0.07,9.84,0.51,43.8,10.5,D1,Yee,183.7867595833333,48.73255944444445
HIP 60093,3993,60,0.643,0.037,4.67,0.06,0.46,0.08,0.7,0.07,9.58,0.52,42.2,10.6,D1,Yee,184.85037916666664,28.382371388888888
HIP 61706,3463,60,0.466,0.025,4.77,0.06,0.26,0.08,0.47,0.05,9.64,0.53,65.0,11.5,D2,Yee,189.71850416666663,11.696150833333334
HIP 65016,3650,60,0.598,0.025,4.66,0.05,0.4,0.08,0.6,0.06,9.87,0.5,58.9,10.6,D1,Yee,199.9171895833333,33.34653
HIP 71253,3211,60,0.31,0.013,4.89,0.05,0.17,0.08,0.27,0.03,9.89,0.49,159.1,11.3,D1,Yee,218.57004833333332,-12.519559444444445
HIP 8051,3458,60,0.414,0.017,4.81,0.05,-0.13,0.08,0.4,0.04,9.76,0.51,89.2,10.9,D1,Yee,25.834079166666665,4.3216552777777775
HIP 91699,3400,61,0.394,0.019,4.81,0.05,-0.16,0.08,0.37,0.04,9.75,0.51,92.8,11.3,D1,Yee,280.49598208333333,31.83048972222222
HD 101501,5309,27,0.94,0.01,4.42,0.02,-0.03,0.1,0.84,0.03,10.14,0.05,104.8,5.3,E2,Yee,175.2625675,34.20163361111111
HD 10476,5242,12,0.81,0.004,4.57,0.02,-0.02,0.1,0.88,0.04,9.51,0.42,133.9,5.2,E2,Yee,25.62401041666666,20.2685125
HD 10697,5442,65,1.915,0.052,3.91,0.05,0.12,0.1,1.09,0.1,9.92,0.12,30.7,6.3,E2,Yee,26.232606249999996,20.08314888888889
HD 10700,5290,39,0.815,0.012,4.5,0.03,-0.48,0.1,0.76,0.04,10.09,0.16,274.2,3.5,E2,Yee,26.017012916666665,-15.937479722222223
HD 107383,4705,24,15.781,0.344,2.15,0.04,-0.3,0.1,1.29,0.1,9.56,0.09,9.0,4.7,E2,Yee,185.17927375,17.792868611111114
HD 10780,5398,75,0.819,0.024,4.56,0.03,0.03,0.1,0.9,0.04,9.36,0.39,100.2,5.6,E2,Yee,26.936809999999994,63.85250305555556
HD 115617,5538,13,0.987,0.005,4.41,0.02,0.01,0.1,0.92,0.04,9.97,0.07,117.3,4.7,E2,Yee,199.60130791666666,-18.31119361111111
HD 117176,5406,64,1.968,0.047,3.84,0.05,-0.06,0.1,0.97,0.1,10.02,0.13,54.7,5.0,E1,Yee,202.10753541666665,13.778788333333335
HD 11964A,5013,62,2.143,0.069,3.77,0.05,0.14,0.1,0.99,0.07,10.09,0.1,29.4,6.4,E2,Yee,29.29003083333333,-10.242425555555554
HD 119850,3618,31,0.484,0.008,4.78,0.02,-0.3,0.1,0.5,0.02,9.84,0.49,184.1,8.5,E2,Yee,206.43239791666664,14.891519722222222
HD 120136,6620,67,1.331,0.027,4.3,0.02,0.24,0.1,1.31,0.03,9.07,0.11,64.1,4.5,E2,Yee,206.81557541666663,17.456891388888888
HD 126660,6211,19,1.734,0.011,4.08,0.02,-0.02,0.1,1.31,0.05,9.53,0.06,68.6,4.0,E2,Yee,216.29915375,51.85074361111111
HD 130948,5787,57,1.112,0.023,4.35,0.04,-0.05,0.1,0.99,0.05,9.86,0.13,55.7,5.9,E2,Yee,222.56587874999997,23.911842777777775
HD 131156,5483,32,0.863,0.011,4.53,0.03,-0.14,0.1,0.91,0.05,9.62,0.4,149.3,4.6,E2,Yee,222.84741624999998,19.100471944444447
HD 1326,3567,11,0.386,0.002,4.87,0.01,-0.36,0.1,0.4,0.01,9.66,0.52,280.7,8.1,E1,Yee,4.595353749999999,44.022954722222224
HD 136202,5661,87,2.143,0.067,3.83,0.06,-0.04,0.1,1.11,0.13,9.82,0.16,40.5,5.1,E2,Yee,229.82832249999996,1.7654072222222221
HD 143761,5627,54,1.362,0.026,4.15,0.03,-0.22,0.1,0.96,0.06,9.96,0.1,57.4,5.4,E2,Yee,240.26108499999995,33.30351083333333
HD 145675,5518,102,0.867,0.032,4.53,0.03,0.44,0.1,0.98,0.04,9.27,0.36,55.9,6.7,E1,Yee,242.601315,43.817640833333336
HD 1461,5386,60,1.244,0.03,4.22,0.04,0.16,0.1,0.93,0.03,10.15,0.05,42.7,6.5,E2,Yee,4.674448333333332,-8.053000833333334
HD 149661,5337,41,0.759,0.012,4.59,0.01,0.04,0.1,0.85,0.03,9.22,0.29,102.3,5.8,E2,Yee,249.08937333333333,-2.324586944444444
HD 157214,5738,48,1.116,0.019,4.29,0.04,-0.37,0.1,0.87,0.06,10.04,0.11,69.5,5.4,E2,Yee,260.16486416666663,32.46774361111111
HD 158633,5203,46,0.789,0.014,4.54,0.04,-0.41,0.1,0.77,0.05,10.03,0.33,78.3,6.4,E1,Yee,261.2504070833333,67.30670777777777
HD 16160,4662,17,0.795,0.006,4.54,0.01,-0.08,0.1,0.77,0.01,10.16,0.04,138.7,5.8,E2,Yee,39.02042208333333,6.8867730555555555
HD 161797,5502,55,1.745,0.035,3.99,0.03,0.23,0.1,1.08,0.05,9.93,0.07,119.0,3.4,E2,Yee,266.61477999999994,27.72071111111111
HD 164259,6454,113,1.961,0.071,4.01,0.04,-0.03,0.1,1.43,0.07,9.4,0.08,43.1,4.6,E2,Yee,270.12087499999996,-3.690271388888889
HD 166,5327,39,0.917,0.009,4.45,0.03,0.08,0.1,0.87,0.04,10.05,0.13,72.6,6.1,E1,Yee,1.6532666666666664,29.02150333333333
HD 16765,6356,46,1.208,0.029,4.35,0.04,-0.15,0.1,1.17,0.06,9.32,0.25,46.2,5.7,E2,Yee,40.30832166666667,-0.6956622222222222
HD 168151,6221,39,1.758,0.022,4.03,0.04,-0.28,0.1,1.19,0.1,9.6,0.11,42.6,5.0,E2,Yee,273.4743033333333,64.39728472222222
HD 16895,6153,25,1.319,0.011,4.26,0.02,0.0,0.1,1.16,0.05,9.59,0.09,89.0,4.1,E2,Yee,41.04994416666666,49.22844833333333
HD 173667,6296,19,2.064,0.017,3.96,0.01,-0.03,0.1,1.43,0.04,9.44,0.03,52.4,4.2,E2,Yee,281.41552333333334,20.546309166666667
HD 173701,5297,53,0.952,0.021,4.43,0.04,0.24,0.1,0.88,0.05,10.06,0.18,36.8,7.5,E1,Yee,281.1463295833333,43.833275
HD 173739,3407,15,0.356,0.004,4.9,0.01,-0.49,0.1,0.36,0.01,9.83,0.48,283.5,8.9,E1,Yee,280.69460124999995,59.63039138888889
HD 173740,3104,28,0.323,0.006,4.92,0.01,-0.36,0.1,0.3,0.01,10.01,0.36,286.4,9.7,E1,Yee,280.69539416666663,59.626866944444444
HD 177153,5909,69,1.289,0.037,4.25,0.04,-0.06,0.1,1.06,0.05,9.8,0.1,24.1,7.2,E1,Yee,285.415325,41.49009111111111
HD 181420,6283,106,1.73,0.084,4.09,0.06,-0.03,0.1,1.31,0.09,9.5,0.12,20.0,6.5,E1,Yee,290.11279999999994,-1.309758888888889
HD 182572,5643,84,1.379,0.042,4.19,0.05,0.34,0.1,1.06,0.09,9.92,0.17,66.0,5.2,E2,Yee,291.2424995833333,11.944413333333333
HD 182736,5239,37,2.703,0.071,3.57,0.08,-0.06,0.1,0.97,0.17,10.02,0.22,17.2,7.0,E1,Yee,291.0140799999999,44.93353833333333
HD 185144,5246,26,0.778,0.008,4.58,0.03,-0.19,0.1,0.84,0.05,9.51,0.43,173.6,4.7,E1,Yee,293.08995916666663,69.66117638888889
HD 186408,5760,57,1.255,0.026,4.25,0.03,0.05,0.1,1.02,0.05,9.92,0.1,47.0,6.0,E1,Yee,295.45397249999996,50.525060833333335
HD 186427,5678,66,1.169,0.027,4.3,0.04,0.04,0.1,0.97,0.05,9.97,0.11,47.1,6.2,E1,Yee,295.4665525,50.51752472222222
HD 187637,6155,85,1.306,0.047,4.27,0.06,-0.09,0.1,1.13,0.07,9.61,0.17,19.1,7.5,E1,Yee,297.3255783333333,41.582460833333336
HD 188512,4920,102,3.21,0.133,3.39,0.09,-0.14,0.1,0.92,0.15,10.11,0.17,73.0,3.7,E2,Yee,298.8283033333333,6.406764166666667
HD 190360,5461,75,1.2,0.033,4.26,0.04,0.21,0.1,0.94,0.05,10.11,0.09,62.4,5.7,E1,Yee,300.90585416666664,29.896803333333335
HD 190406,5763,49,1.115,0.021,4.34,0.03,0.03,0.1,1.0,0.04,9.87,0.11,58.0,5.8,E1,Yee,301.0259195833333,17.07018777777778
HD 19373,5832,33,1.415,0.015,4.17,0.02,0.08,0.1,1.07,0.05,9.88,0.09,94.9,4.0,E2,Yee,47.26674708333333,49.613278333333334
HD 195564,5421,118,1.867,0.083,3.91,0.07,0.06,0.1,1.03,0.11,9.98,0.15,41.3,5.7,E2,Yee,308.09872749999994,-9.853384444444444
HD 199305,3692,22,0.547,0.007,4.72,0.01,-0.21,0.1,0.54,0.01,10.09,0.21,142.2,8.6,E1,Yee,313.33245374999996,62.15439361111111
HD 19994,5916,98,1.93,0.067,3.99,0.05,0.17,0.1,1.3,0.1,9.62,0.11,44.7,5.1,E2,Yee,48.19348541666667,-1.1960986111111112
HD 201091,4361,17,0.661,0.005,4.63,0.02,-0.19,0.1,0.68,0.03,9.9,0.46,287.1,5.2,E2,Yee,316.7247479166666,38.74941722222222
HD 201092,3932,25,0.601,0.007,4.67,0.01,-0.29,0.1,0.6,0.01,10.09,0.21,285.4,6.0,E2,Yee,316.7302658333333,38.74204388888889
HD 206860,5860,83,1.019,0.029,4.43,0.05,-0.16,0.1,1.0,0.08,9.64,0.37,54.4,6.0,E2,Yee,326.13054125,14.771939722222223
HD 21019,5261,65,2.421,0.076,3.64,0.05,-0.41,0.1,0.93,0.07,10.01,0.11,27.1,6.2,E2,Yee,50.82375458333333,-7.794098611111111
HD 210702,4780,18,5.231,0.117,3.05,0.09,0.03,0.1,1.12,0.21,9.86,0.27,17.9,5.9,E2,Yee,332.96387875,16.040554722222225
HD 216899,3713,11,0.548,0.005,4.72,0.01,0.06,0.1,0.56,0.01,9.99,0.39,146.0,8.6,E1,Yee,344.14501916666666,16.553431944444444
HD 217014,5706,95,1.168,0.042,4.32,0.06,0.17,0.1,1.01,0.07,9.89,0.21,65.1,5.5,E2,Yee,344.36658499999993,20.7688325
HD 217107,5391,40,1.21,0.019,4.25,0.03,0.31,0.1,0.94,0.03,10.13,0.06,50.0,6.2,E1,Yee,344.5647533333332,-2.3953841666666666
HD 217987,3676,35,0.471,0.009,4.79,0.02,-0.19,0.1,0.49,0.02,9.66,0.53,303.9,7.3,E2,Yee,346.4668154166666,-35.853070833333334
HD 219134,4699,16,0.778,0.005,4.55,0.01,0.07,0.1,0.77,0.02,10.12,0.11,153.2,5.6,E2,Yee,348.32072874999994,57.16835638888889
HD 219623,6285,94,1.195,0.036,4.36,0.04,0.04,0.1,1.18,0.06,9.25,0.25,49.3,5.6,E2,Yee,349.1762645833333,53.21347472222222
HD 222368,6192,26,1.595,0.014,4.12,0.02,-0.14,0.1,1.22,0.06,9.6,0.07,72.5,4.1,E2,Yee,354.9876691666666,5.626292500000001
HD 22484,5998,39,1.622,0.024,4.08,0.02,-0.09,0.1,1.15,0.04,9.71,0.09,72.9,4.3,E2,Yee,54.21826541666666,0.4016644444444445
HD 23249,4955,30,2.327,0.029,3.7,0.03,0.12,0.1,0.98,0.06,10.1,0.09,110.6,3.5,E2,Yee,55.81208541666666,-9.763391666666667
HD 26965,5147,14,0.805,0.004,4.52,0.03,-0.24,0.1,0.79,0.05,10.04,0.18,198.2,4.4,E2,Yee,63.81799833333333,-7.652869444444445
HD 30652,6441,19,1.322,0.01,4.29,0.02,0.0,0.1,1.25,0.05,9.28,0.15,124.6,3.2,E2,Yee,72.46004666666666,6.961277777777778
HD 34411,5774,44,1.331,0.021,4.2,0.03,0.05,0.1,1.03,0.04,9.92,0.08,79.1,4.7,E2,Yee,79.78531416666665,40.09905138888889
HD 36395,3801,9,0.574,0.004,4.7,0.01,0.35,0.1,0.6,0.01,9.76,0.49,177.1,8.0,E1,Yee,82.86414874999998,-3.6772288888888887
HD 3651,5046,86,0.947,0.032,4.46,0.04,0.15,0.1,0.85,0.04,10.12,0.13,90.0,5.9,E2,Yee,9.840855416666665,21.250475555555557
HD 38858,5646,45,0.933,0.016,4.46,0.04,-0.22,0.1,0.91,0.07,9.81,0.28,65.6,6.0,E1,Yee,87.14558416666665,-4.094644722222222
HD 39587,5898,25,0.979,0.009,4.47,0.02,-0.04,0.1,1.04,0.04,9.27,0.28,115.4,4.4,E2,Yee,88.59576208333333,20.276172777777777
HD 4628,4950,14,0.695,0.004,4.63,0.02,-0.22,0.1,0.75,0.03,9.41,0.44,134.0,5.7,E2,Yee,12.095732916666666,5.280613611111111
HD 48737,6478,21,2.71,0.021,3.8,0.01,0.14,0.1,1.7,0.04,9.23,0.03,57.0,3.4,E2,Yee,101.32235166666666,12.895594722222222
HD 49933,6635,90,1.42,0.04,4.21,0.05,-0.39,0.1,1.18,0.09,9.49,0.16,33.8,5.8,E1,Yee,102.70762874999998,-0.5408797222222222
HD 58946,6738,55,1.655,0.028,4.12,0.03,-0.25,0.1,1.32,0.09,9.39,0.11,54.1,4.2,E2,Yee,112.27799499999999,31.784549166666668
HD 6210,6089,35,4.517,0.152,3.37,0.05,-0.01,0.1,1.7,0.15,9.21,0.07,12.8,5.8,E1,Yee,16.08104583333333,61.58018388888889
HD 69897,6130,58,1.387,0.028,4.19,0.04,-0.26,0.1,1.07,0.08,9.73,0.12,55.2,5.1,E2,Yee,125.01608624999999,27.217705
HD 75732,5172,18,0.943,0.01,4.43,0.02,0.35,0.1,0.88,0.02,10.1,0.09,79.8,6.0,E2,Yee,133.14921291666664,28.330820555555555
HD 79210,3907,35,0.577,0.013,4.7,0.02,-0.18,0.1,0.58,0.02,9.85,0.51,161.6,7.6,E2,Yee,138.59489499999998,52.686608611111104
HD 7924,5075,83,0.782,0.026,4.58,0.04,-0.14,0.1,0.81,0.06,9.71,0.52,58.8,7.2,E1,Yee,20.496307083333335,76.71028833333334
HD 82885,5376,43,1.003,0.016,4.4,0.03,0.32,0.1,0.92,0.05,10.04,0.15,89.5,5.3,E2,Yee,143.91459208333333,35.810132499999995
HD 86728,5619,44,1.247,0.021,4.24,0.03,0.19,0.1,0.98,0.06,10.03,0.11,67.1,5.4,E2,Yee,150.25273666666666,31.923670277777777
HD 88230,4085,14,0.64,0.005,4.64,0.01,-0.16,0.1,0.63,0.01,10.14,0.09,205.2,6.6,E2,Yee,152.8422495833333,49.454236388888894
HD 95735,3464,15,0.392,0.003,4.86,0.01,-0.41,0.1,0.4,0.01,9.91,0.47,392.4,7.5,E2,Yee,165.83414499999998,35.969882222222225
GJ 176,3679,77,0.453,0.022,4.8,0.03,0.15,0.1,0.49,0.04,9.6,0.53,106.3,10.0,E1,Yee,70.73239583333333,18.958165277777777
GL 144,5077,35,0.735,0.005,4.61,0.02,-0.06,0.1,0.8,0.03,9.37,0.39,310.8,3.7,E2,Yee,53.23268499999999,-9.458260833333332
GL 338B,3867,37,0.567,0.014,4.71,0.02,-0.15,0.1,0.57,0.02,9.82,0.5,159.0,7.7,E1,Yee,138.60284499999997,52.68636166666666
GL 412A,3497,39,0.398,0.009,4.87,0.02,-0.4,0.1,0.41,0.02,9.73,0.52,206.9,8.8,E2,Yee,166.36907041666666,43.52677388888889
GL 570B,4507,58,0.739,0.019,4.6,0.03,0.02,0.1,0.73,0.03,10.0,0.48,133.6,5.7,E2,Yee,224.3605554166666,-21.411549166666664
GL 687,3413,28,0.418,0.007,4.85,0.01,-0.09,0.1,0.43,0.01,9.59,0.52,220.0,9.2,E1,Yee,264.10791375,68.33914138888889
GL 699,3222,10,0.187,0.001,5.11,0.01,-0.39,0.1,0.16,0.0,9.61,0.54,549.0,9.5,E2,Yee,269.45207666666664,4.693364722222222
GL 702A,5407,52,0.831,0.004,4.56,0.02,0.03,0.1,0.92,0.03,9.3,0.35,,4.1,E3,Yee,271.36353499999996,2.500146111111111
GL 702B,4393,149,0.67,0.009,4.64,0.02,0.03,0.1,0.71,0.03,9.61,0.52,,7.2,E3,Yee,271.36442874999995,2.4989469444444445
GL 876,3129,19,0.376,0.006,4.88,0.01,0.19,0.1,0.35,0.01,10.09,0.41,214.1,10.2,E1,Yee,343.31971874999994,-14.263695555555556
HIP 57087,3416,53,0.455,0.018,4.83,0.03,0.04,0.1,0.45,0.03,9.62,0.52,102.6,10.6,E1,Yee,175.5462220833333,26.706569444444444
HIP 74995,3442,54,0.299,0.01,4.97,0.03,-0.1,0.1,0.3,0.02,9.61,0.53,158.6,10.6,E1,Yee,229.86177874999996,-7.722274722222222
HIP 83043,3590,45,0.539,0.016,4.75,0.02,-0.04,0.1,0.52,0.02,9.89,0.48,96.4,9.7,E1,Yee,254.5368733333333,25.744159444444445
,2921,32,0.13,0.003,5.24,0.042,-0.27,0.08,0.107,0.009,9.46,0.59,0.0,15.611,N/A,Mann,-100.0,-100.0
,3376,35,0.309,0.012,4.952,0.04,0.13,0.08,0.312,0.016,9.43,0.6,0.0,12.958,N/A,Mann,-100.0,-100.0
Gl 15A,3626,32,0.382,0.007,4.882,0.019,-0.3,0.08,0.406,0.009,9.48,0.56,0.0,8.119,N/A,Mann,4.595353749999999,44.022954722222224
Gl 15B,3250,32,0.187,0.005,5.122,0.028,-0.3,0.08,0.169,0.006,9.44,0.59,0.0,11.007,N/A,Mann,4.607604583333333,44.027247777777774
GJ 1009,3657,45,0.507,0.019,4.759,0.036,0.27,0.08,0.538,0.019,9.46,0.52,0.0,11.175,N/A,Mann,5.483519166666666,-31.40605833333333
GJ 1029,3084,33,0.178,0.007,5.122,0.043,0.14,0.08,0.153,0.009,9.33,0.62,0.0,14.82,N/A,Mann,16.406843749999997,28.49265888888889
Gl 53.1B,3311,17,0.292,0.008,4.965,0.03,0.25,0.03,0.287,0.012,9.42,0.61,0.0,14.054,N/A,Mann,16.91055875,22.9557575
Gl 54.1,3132,31,0.159,0.006,5.169,0.036,-0.26,0.08,0.136,0.005,9.4,0.62,0.0,12.082,N/A,Mann,18.12765333333333,-16.998988333333333
Gl 56.3 B,4012,51,0.579,0.015,4.699,0.026,0.01,0.08,0.611,0.018,9.53,0.53,0.0,10.699,N/A,Mann,19.667573333333333,-0.8743938888888889
GJ 3098,3708,35,0.44,0.016,4.821,0.035,-0.2,0.08,0.468,0.017,9.41,0.6,0.0,11.2,N/A,Mann,23.10917458333333,-21.90512222222222
GJ 3105,3333,36,0.267,0.013,4.997,0.05,0.06,0.08,0.258,0.016,9.47,0.6,0.0,13.954,N/A,Mann,25.06906458333333,31.79182555555556
GJ 3108,3935,58,0.592,0.018,4.691,0.029,0.25,0.08,0.628,0.019,9.46,0.5,0.0,10.402,N/A,Mann,25.816554166666666,27.84210722222222
Gl 70,3578,29,0.385,0.011,4.879,0.028,-0.13,0.08,0.409,0.013,9.46,0.59,0.0,10.931,N/A,Mann,25.834079166666665,4.3216552777777775
GJ 3119,3089,29,0.164,0.004,5.148,0.025,-0.03,0.08,0.138,0.004,9.35,0.59,0.0,14.444,N/A,Mann,27.76708708333333,-6.118054444444444
Gl 79,3987,39,0.593,0.012,4.691,0.02,0.14,0.08,0.629,0.015,9.49,0.5,0.0,8.929,N/A,Mann,28.204885416666663,-22.43485777777778
Gl 83.1,3165,31,0.174,0.007,5.139,0.043,-0.16,0.08,0.152,0.009,9.34,0.62,0.0,12.285,N/A,Mann,30.053984583333328,13.051944444444445
Gl 87,3721,35,0.421,0.011,4.841,0.026,-0.36,0.08,0.448,0.012,9.44,0.57,0.0,10.062,N/A,Mann,33.08744708333333,3.57562
GJ 3142,3321,33,0.266,0.011,4.997,0.042,0.09,0.08,0.256,0.013,9.4,0.6,0.0,13.535,N/A,Mann,33.22759458333333,0.004682222222222223
GJ 3146,2899,48,0.135,0.006,5.215,0.045,-0.03,0.08,0.109,0.006,9.41,0.58,0.0,15.758,N/A,Mann,34.12438041666666,13.586884166666668
GJ 3147,2919,26,0.145,0.003,5.184,0.019,0.17,0.08,0.117,0.002,9.39,0.61,0.0,15.85,N/A,Mann,34.291742083333325,35.4423725
GJ 3150,3342,33,0.251,0.012,5.019,0.05,-0.07,0.08,0.24,0.015,9.37,0.62,0.0,14.127,N/A,Mann,34.75969624999999,23.881936111111113
Gl 96,3892,38,0.566,0.012,4.711,0.021,0.14,0.08,0.6,0.013,9.48,0.54,0.0,9.413,N/A,Mann,35.56101541666666,47.88002888888889
Gl 102,3210,36,0.201,0.009,5.092,0.046,0.0,0.08,0.182,0.01,9.42,0.59,0.0,13.046,N/A,Mann,38.40489916666666,24.92713527777778
Gl 104,3647,39,0.48,0.015,4.784,0.03,0.12,0.08,0.511,0.015,9.46,0.56,0.0,10.655,N/A,Mann,38.97211208333333,20.219883888888887
Gl 105 B,3390,7,0.26,0.002,5.015,0.011,-0.12,0.03,0.255,0.005,9.36,0.61,0.0,11.67,N/A,Mann,39.06361166666667,6.871643055555556
,3720,22,0.489,0.007,4.776,0.014,0.06,0.03,0.521,0.008,9.38,0.59,0.0,9.987,N/A,Mann,-100.0,-100.0
Gl 109,3502,29,0.342,0.009,4.924,0.026,-0.1,0.08,0.358,0.011,9.37,0.58,0.0,10.599,N/A,Mann,41.064623749999996,25.523365
,0,0,nan,nan,nan,nan,-0.31,0.08,nan,nan,nan,nan,0.0,15.133,N/A,Mann,-100.0,-100.0
,3491,29,0.325,0.016,4.945,0.049,-0.16,0.08,0.339,0.019,9.53,0.58,0.0,12.694,N/A,Mann,-100.0,-100.0
Gl 118.2 C,3341,16,0.323,0.008,4.932,0.027,0.28,0.03,0.325,0.012,9.5,0.57,0.0,13.827,N/A,Mann,43.89907916666666,26.872350833333332
GJ 3195,3602,27,0.399,0.009,4.865,0.023,-0.12,0.08,0.425,0.011,9.46,0.6,0.0,12.564,N/A,Mann,46.1810125,61.7357925
Gl 134,3795,63,0.585,0.03,4.695,0.047,0.53,0.08,0.618,0.022,9.51,0.49,0.0,10.284,N/A,Mann,49.531168333333326,38.25206583333333
,3214,33,0.214,0.008,5.065,0.038,0.07,0.08,0.194,0.009,9.39,0.61,0.0,13.995,N/A,Mann,-100.0,-100.0
GJ 3253,3171,29,0.192,0.005,5.104,0.027,0.01,0.08,0.171,0.006,9.44,0.6,0.0,13.775,N/A,Mann,58.17396583333333,17.017824722222223
,3466,23,0.268,0.007,5.01,0.029,-0.35,0.05,0.268,0.011,9.41,0.61,0.0,14.508,N/A,Mann,-100.0,-100.0
Gl 166 C,3362,18,0.242,0.004,5.038,0.017,-0.21,0.08,0.233,0.005,9.44,0.6,0.0,11.23,N/A,Mann,63.839732916666655,-7.655748333333333
Gl 169,4197,40,0.661,0.011,4.65,0.017,0.39,0.08,0.711,0.014,9.46,0.49,0.0,8.335,N/A,Mann,67.25051583333332,21.922699166666668
Gl 172,4054,38,0.571,0.011,4.704,0.02,-0.11,0.08,0.602,0.016,9.45,0.51,0.0,8.627,N/A,Mann,69.42054333333333,52.893614444444445
Gl 173,3668,33,0.444,0.012,4.818,0.026,-0.04,0.08,0.473,0.013,9.47,0.59,0.0,10.346,N/A,Mann,69.42444041666666,-11.038881111111111
Gl 176,3631,40,0.464,0.014,4.801,0.029,0.14,0.08,0.496,0.015,9.36,0.58,0.0,9.993,N/A,Mann,70.73239583333333,18.958165277777777
Gl 180,3619,31,0.392,0.013,4.872,0.033,-0.24,0.08,0.417,0.015,9.44,0.55,0.0,10.91,N/A,Mann,73.45824958333333,-17.773419166666667
GJ 3323,3204,24,0.192,0.004,5.11,0.021,-0.06,0.08,0.173,0.004,9.38,0.6,0.0,12.135,N/A,Mann,75.48927541666666,-6.946215555555556
GJ 3325,3410,25,0.276,0.009,4.994,0.035,-0.12,0.08,0.274,0.013,9.45,0.61,0.0,11.763,N/A,Mann,75.83368499999999,-17.37353361111111
Gl 205,3805,31,0.579,0.009,4.7,0.015,0.49,0.08,0.613,0.01,9.41,0.48,0.0,7.932,N/A,Mann,82.86414874999998,-3.6772288888888887
Gl 208,4020,41,0.585,0.012,4.696,0.021,0.05,0.08,0.62,0.015,9.43,0.52,0.0,8.865,N/A,Mann,84.12912666666665,11.32786861111111
Gl 212,3819,34,0.55,0.011,4.724,0.019,0.19,0.03,0.584,0.011,9.4,0.57,0.0,9.739,N/A,Mann,85.37804416666667,53.489802777777776
Gl 213,3370,23,0.243,0.007,5.036,0.03,-0.22,0.08,0.234,0.009,9.41,0.62,0.0,11.58,N/A,Mann,85.538615,12.489334444444443
,3671,41,0.519,0.016,4.748,0.03,0.31,0.08,0.55,0.017,9.47,0.56,0.0,10.795,N/A,Mann,-100.0,-100.0
GJ 3379,3297,30,0.249,0.006,5.02,0.025,0.07,0.08,0.237,0.007,9.37,0.61,0.0,11.281,N/A,Mann,90.01460083333333,2.7065533333333334
GJ 3378,3381,26,0.261,0.007,5.011,0.029,-0.09,0.08,0.255,0.01,9.41,0.61,0.0,11.668,N/A,Mann,90.29602291666666,59.597190000000005
GJ 3380,3044,32,0.157,0.005,5.164,0.032,0.01,0.08,0.131,0.005,9.39,0.6,0.0,14.541,N/A,Mann,90.62164291666666,49.86559861111111
,3455,25,0.3,0.011,4.971,0.038,-0.15,0.08,0.307,0.015,9.46,0.62,0.0,11.886,N/A,Mann,-100.0,-100.0
GJ 3388,3394,29,0.271,0.01,5.0,0.038,-0.08,0.08,0.268,0.013,9.4,0.61,0.0,12.798,N/A,Mann,93.50984,51.668908333333334
Gl 232,3216,30,0.187,0.007,5.117,0.039,-0.18,0.08,0.167,0.008,9.41,0.6,0.0,13.099,N/A,Mann,96.17201999999999,23.43303777777778
Gl 239,3758,37,0.434,0.011,4.827,0.025,-0.34,0.08,0.461,0.012,9.39,0.57,0.0,9.611,N/A,Mann,99.294995,17.564814722222224
GJ 3408 B,3674,28,0.414,0.013,4.848,0.03,-0.26,0.03,0.44,0.013,9.42,0.6,0.0,12.15,N/A,Mann,-100.0,-100.0
GJ 1092,3298,41,0.188,0.009,5.118,0.048,-0.51,0.08,0.169,0.009,9.39,0.58,0.0,13.783,N/A,Mann,102.27273458333332,37.11402416666667
Gl 250 B,3569,19,0.436,0.006,4.827,0.014,0.14,0.03,0.466,0.008,9.41,0.6,0.0,10.045,N/A,Mann,103.07517291666666,-5.190011666666667
Gl 251,3487,31,0.349,0.008,4.915,0.023,-0.02,0.08,0.365,0.009,9.38,0.58,0.0,10.068,N/A,Mann,103.70399166666665,33.26817722222222
Gl 272,3786,46,0.518,0.016,4.75,0.03,0.05,0.08,0.55,0.018,9.42,0.53,0.0,10.544,N/A,Mann,110.81206375,46.08741194444445
Gl 273,3438,26,0.293,0.005,4.979,0.02,-0.11,0.08,0.298,0.009,9.44,0.6,0.0,9.892,N/A,Mann,111.85207874999999,5.225789166666667
GJ 1097,3530,38,0.381,0.015,4.884,0.039,-0.01,0.08,0.405,0.017,9.45,0.6,0.0,11.41,N/A,Mann,112.18933,-3.2981427777777776
Gl 277.1,3667,37,0.386,0.013,4.879,0.033,-0.37,0.08,0.411,0.015,9.42,0.57,0.0,10.397,N/A,Mann,113.61430374999999,62.94148833333333
GJ 3459,3452,28,0.295,0.013,4.976,0.046,-0.18,0.08,0.3,0.017,9.44,0.6,0.0,11.756,N/A,Mann,114.67066833333331,-21.224578055555554
Gl 281,3922,46,0.574,0.013,4.704,0.023,0.12,0.08,0.608,0.016,9.48,0.5,0.0,9.638,N/A,Mann,114.84599541666665,2.183664722222222
Gl 289,3609,33,0.345,0.015,4.924,0.044,-0.45,0.08,0.364,0.019,9.42,0.57,0.0,11.455,N/A,Mann,117.06827374999997,20.368124444444444
Gl 297.2 B,3700,39,0.479,0.011,4.785,0.022,0.0,0.08,0.51,0.012,9.48,0.55,0.0,11.782,N/A,Mann,122.64289166666664,-13.814203055555556
GJ 2066,3644,30,0.423,0.009,4.84,0.022,-0.12,0.08,0.451,0.012,9.5,0.58,0.0,10.126,N/A,Mann,124.03325541666668,1.3025736111111113
GJ 1111,0,0,nan,nan,nan,nan,-0.15,0.08,nan,nan,nan,nan,0.0,14.834,N/A,Mann,127.45563624999997,26.776006666666667
Gl 324B,3237,17,0.259,0.008,4.997,0.032,0.31,0.03,0.243,0.01,9.41,0.61,0.0,13.153,N/A,Mann,133.17026124999998,28.31633916666667
Gl 338A,3930,52,0.548,0.018,4.724,0.032,-0.01,0.08,0.58,0.019,9.41,0.55,0.0,7.645,N/A,Mann,138.59489499999998,52.686608611111104
Gl 353,3806,37,0.483,0.013,4.778,0.027,-0.2,0.08,0.51,0.015,9.42,0.54,0.0,10.221,N/A,Mann,142.98472041666665,36.32022861111111
Gl 361,3648,37,0.442,0.012,4.822,0.027,-0.05,0.08,0.473,0.014,9.49,0.59,0.0,10.405,N/A,Mann,145.29316791666665,13.209562222222221
,0,0,nan,nan,nan,nan,-0.61,0.08,nan,nan,nan,nan,0.0,13.161,N/A,Mann,-100.0,-100.0
GJ 1129,3334,33,0.277,0.01,4.988,0.038,0.1,0.08,0.272,0.013,9.36,0.62,0.0,12.5,N/A,Mann,146.19728416666663,-18.2136025
,3412,35,0.305,0.014,4.962,0.048,0.01,0.08,0.311,0.019,9.4,0.61,0.0,12.041,N/A,Mann,-100.0,-100.0
Gl 380,4162,33,0.642,0.01,4.66,0.016,0.24,0.08,0.687,0.013,9.43,0.49,0.0,6.538,N/A,Mann,152.8422495833333,49.454236388888894
Gl 382,3696,36,0.5,0.012,4.766,0.023,0.13,0.08,0.532,0.012,9.48,0.56,0.0,9.281,N/A,Mann,153.07361749999998,-3.7456644444444445
Gl 388,3492,33,0.402,0.01,4.86,0.024,0.15,0.08,0.427,0.011,9.46,0.57,0.0,9.411,N/A,Mann,154.90116999999998,19.870002777777778
Gl 390,3743,41,0.485,0.014,4.779,0.028,-0.02,0.08,0.516,0.016,9.46,0.56,0.0,10.159,N/A,Mann,156.2951545833333,-10.228691666666666
Gl 393,3621,24,0.402,0.009,4.861,0.022,-0.18,0.08,0.428,0.01,9.45,0.57,0.0,9.665,N/A,Mann,157.2314633333333,0.8409994444444445
,3160,27,0.171,0.006,5.145,0.037,-0.2,0.08,0.149,0.007,9.41,0.59,0.0,15.071,N/A,Mann,-100.0,-100.0
Gl 402,3293,32,0.265,0.008,4.996,0.031,0.16,0.08,0.254,0.01,9.4,0.61,0.0,11.694,N/A,Mann,162.71679666666665,6.808127499999999
Gl 403,3406,28,0.274,0.012,4.996,0.046,-0.13,0.08,0.271,0.016,9.45,0.6,0.0,12.7,N/A,Mann,163.01768083333334,13.997584444444444
GJ 3631,3047,30,0.163,0.005,5.147,0.03,0.1,0.08,0.136,0.004,9.43,0.59,0.0,14.803,N/A,Mann,163.05937333333333,5.919396944444444
Gl 406,2808,27,0.135,0.003,5.199,0.038,0.25,0.08,0.105,0.008,9.45,0.53,0.0,13.52,N/A,Mann,164.12050333333332,7.014723055555556
Gl 411,3637,32,0.372,0.007,4.895,0.019,-0.38,0.08,0.396,0.008,9.54,0.55,0.0,7.498,N/A,Mann,165.83414499999998,35.969882222222225
Gl 412A,3649,32,0.376,0.008,4.89,0.021,-0.37,0.08,0.4,0.009,9.47,0.59,0.0,8.778,N/A,Mann,166.36907041666666,43.52677388888889
Gl 412B,0,0,nan,nan,nan,nan,-0.32,0.08,nan,nan,nan,nan,0.0,14.472,N/A,Mann,166.3786895833333,43.521634722222224
GJ 3668,3170,27,0.182,0.005,5.125,0.027,-0.07,0.08,0.161,0.005,9.44,0.61,0.0,14.171,N/A,Mann,172.78494666666666,-14.955903333333332
GJ 1148,3433,34,0.344,0.014,4.918,0.041,0.07,0.08,0.357,0.017,9.53,0.59,0.0,11.852,N/A,Mann,175.4359825,42.75197277777778
Gl 436,3584,39,0.42,0.014,4.842,0.032,0.01,0.08,0.447,0.015,9.47,0.57,0.0,10.691,N/A,Mann,175.5462220833333,26.706569444444444
Gl 447,3201,26,0.195,0.004,5.104,0.02,-0.02,0.08,0.176,0.004,9.45,0.6,0.0,11.148,N/A,Mann,176.9349883333333,0.8045555555555556
GJ 1151,3152,31,0.185,0.006,5.116,0.034,0.03,0.08,0.163,0.007,9.4,0.6,0.0,13.234,N/A,Mann,177.74050208333333,48.37737805555555
GJ 3707,3420,33,0.38,0.014,4.877,0.037,0.26,0.08,0.397,0.017,9.44,0.59,0.0,12.086,N/A,Mann,182.5233383333333,-15.071378055555556
Gl 458.2,4037,72,0.605,0.021,4.683,0.034,0.14,0.08,0.643,0.023,9.45,0.52,0.0,10.546,N/A,Mann,183.7867595833333,48.73255944444445
Gl 459.3,4027,69,0.63,0.016,4.667,0.025,0.46,0.08,0.672,0.018,9.46,0.48,0.0,10.643,N/A,Mann,184.85037916666664,28.382371388888888
Gl 471,3896,42,0.541,0.014,4.729,0.026,-0.04,0.08,0.572,0.016,9.46,0.52,0.0,9.704,N/A,Mann,187.81585416666667,8.810601111111112
Gl 480,3529,41,0.443,0.02,4.818,0.044,0.26,0.08,0.471,0.021,9.45,0.59,0.0,11.573,N/A,Mann,189.71850416666663,11.696150833333334
Gl 488,4067,36,0.622,0.011,4.672,0.018,0.24,0.08,0.663,0.013,9.42,0.51,0.0,8.494,N/A,Mann,192.68152833333332,-0.7681297222222223
Gl 505 B,3840,21,0.502,0.006,4.762,0.012,-0.12,0.03,0.531,0.008,9.48,0.55,0.0,9.522,N/A,Mann,199.2148083333333,17.016636666666667
Gl 507.1,3752,36,0.56,0.013,4.713,0.022,0.4,0.08,0.591,0.013,9.5,0.5,0.0,10.617,N/A,Mann,199.9171895833333,33.34653
Gl 512A,3581,43,0.435,0.019,4.827,0.042,0.08,0.08,0.463,0.02,9.49,0.58,0.0,11.269,N/A,Mann,202.08782874999997,-2.3603044444444445
Gl 514,3755,30,0.476,0.009,4.786,0.019,-0.09,0.08,0.505,0.012,9.45,0.55,0.0,9.04,N/A,Mann,202.49910749999995,10.377162222222223
Gl 525,3896,37,0.476,0.015,4.782,0.03,-0.54,0.08,0.5,0.014,9.45,0.53,0.0,9.81,N/A,Mann,206.2711695833333,17.78543555555556
Gl 526,3755,32,0.45,0.009,4.808,0.02,-0.31,0.08,0.475,0.01,9.51,0.56,0.0,8.48,N/A,Mann,206.43239791666664,14.891519722222222
Gl 544 B,3242,13,0.196,0.004,5.104,0.022,-0.18,0.03,0.178,0.005,9.43,0.6,0.0,14.905,N/A,Mann,214.8993520833333,-5.152311388888889
Gl 545,3403,21,0.265,0.007,5.01,0.028,-0.17,0.08,0.262,0.01,9.34,0.63,0.0,12.932,N/A,Mann,215.0307095833333,-9.620386111111111
Gl 549 B,3585,27,0.389,0.007,4.876,0.018,-0.11,0.08,0.415,0.009,9.41,0.59,0.0,11.467,N/A,Mann,216.29825124999996,51.83141722222223
Gl 555,3322,32,0.287,0.009,4.974,0.033,0.17,0.08,0.283,0.012,9.42,0.59,0.0,11.338,N/A,Mann,218.57004833333332,-12.519559444444445
,3495,16,0.333,0.01,4.934,0.03,-0.09,0.03,0.347,0.012,9.46,0.59,0.0,13.569,N/A,Mann,-100.0,-100.0
Gl 581,3457,22,0.299,0.007,4.972,0.026,-0.15,0.08,0.306,0.011,9.44,0.58,0.0,10.581,N/A,Mann,229.86177874999996,-7.722274722222222
Gl 585,3213,36,0.18,0.008,5.129,0.047,-0.25,0.08,0.159,0.01,9.45,0.61,0.0,13.714,N/A,Mann,230.96307083333332,17.465956388888888
,3390,34,0.292,0.008,4.973,0.028,-0.01,0.08,0.292,0.01,9.45,0.61,0.0,13.426,N/A,Mann,-100.0,-100.0
Gl 615.2 C,3593,23,0.4,0.011,4.863,0.027,-0.06,0.03,0.426,0.013,9.47,0.58,0.0,12.251,N/A,Mann,243.48444791666662,33.77336
Gl 625,3540,34,0.319,0.007,4.953,0.022,-0.35,0.08,0.333,0.009,9.54,0.6,0.0,10.123,N/A,Mann,246.3525958333333,54.30410138888889
Gl 628,3411,34,0.299,0.006,4.968,0.023,-0.03,0.08,0.303,0.01,9.43,0.58,0.0,10.097,N/A,Mann,247.57524291666664,-12.662589166666667
GJ 3976,3171,28,0.178,0.006,5.13,0.035,-0.12,0.08,0.156,0.007,9.43,0.6,0.0,14.027,N/A,Mann,252.7414033333333,22.45157361111111
Gl 642,3868,53,0.464,0.02,4.793,0.041,-0.48,0.08,0.488,0.018,9.4,0.53,0.0,10.755,N/A,Mann,253.5501358333333,11.914682777777777
Gl 643,3339,27,0.223,0.008,5.062,0.036,-0.26,0.08,0.209,0.009,9.41,0.6,0.0,11.772,N/A,Mann,253.85509249999998,-8.322582222222222
Gl 644 C,0,0,nan,nan,nan,nan,-0.07,0.08,nan,nan,nan,nan,0.0,16.758,N/A,Mann,253.89689875000002,-8.39465361111111
GJ 1207,3346,27,0.244,0.006,5.031,0.025,-0.09,0.08,0.233,0.007,9.36,0.61,0.0,12.277,N/A,Mann,254.2739008333333,-4.348977222222222
Gl 649,3741,39,0.495,0.012,4.771,0.024,0.03,0.08,0.527,0.013,9.42,0.57,0.0,9.667,N/A,Mann,254.5368733333333,25.744159444444445
GJ 3991,3309,31,0.281,0.007,4.978,0.027,0.2,0.08,0.274,0.01,9.4,0.59,0.0,11.855,N/A,Mann,257.38143124999993,43.68132555555555
GJ 3992,3493,36,0.368,0.012,4.895,0.033,0.03,0.08,0.388,0.015,9.41,0.58,0.0,11.602,N/A,Mann,257.89478249999996,38.44275416666666
Gl 671,3534,27,0.357,0.01,4.909,0.029,-0.15,0.08,0.377,0.013,9.49,0.58,0.0,11.422,N/A,Mann,259.9696345833333,41.71380527777778
Gl 673,4170,36,0.636,0.01,4.662,0.016,0.19,0.08,0.678,0.014,9.46,0.49,0.0,7.51,N/A,Mann,261.43846833333333,2.1114230555555555
Gl 678.1A,3811,36,0.504,0.011,4.761,0.022,-0.09,0.08,0.534,0.014,9.46,0.54,0.0,9.334,N/A,Mann,262.59470125,5.548518055555555
Gl 685,3844,38,0.543,0.012,4.729,0.022,0.1,0.08,0.576,0.014,9.43,0.58,0.0,10.001,N/A,Mann,263.89366041666665,61.68156333333333
Gl 687,3522,34,0.394,0.008,4.868,0.02,0.05,0.08,0.418,0.01,9.47,0.58,0.0,9.182,N/A,Mann,264.10791375,68.33914138888889
Gl 686,3678,29,0.418,0.009,4.844,0.021,-0.25,0.08,0.445,0.01,9.41,0.57,0.0,9.603,N/A,Mann,264.47227833333335,18.59171222222222
Gl 694,3572,36,0.412,0.01,4.852,0.024,0.0,0.08,0.44,0.011,9.46,0.56,0.0,10.511,N/A,Mann,265.9831787499999,43.37861111111111
Gl 699,3269,29,0.181,0.004,5.132,0.022,-0.4,0.08,0.162,0.004,9.39,0.61,0.0,9.527,N/A,Mann,269.45207666666664,4.693364722222222
GJ 4040,3514,37,0.383,0.013,4.88,0.034,0.04,0.08,0.406,0.016,9.45,0.59,0.0,11.77,N/A,Mann,269.4623583333333,46.58864638888889
,3648,21,0.428,0.008,4.836,0.018,-0.06,0.03,0.458,0.009,9.5,0.56,0.0,12.538,N/A,Mann,-100.0,-100.0
,3412,23,0.266,0.007,5.008,0.027,-0.21,0.08,0.263,0.009,9.39,0.61,0.0,13.227,N/A,Mann,-100.0,-100.0
Gl 701,3701,26,0.437,0.008,4.824,0.018,-0.22,0.08,0.464,0.009,9.51,0.54,0.0,9.389,N/A,Mann,271.2815779166666,-3.0313191666666666
Gl 709,3881,40,0.528,0.012,4.739,0.023,-0.07,0.08,0.558,0.015,9.46,0.55,0.0,10.296,N/A,Mann,274.12952541666664,45.557853611111106
GJ 4065,3339,32,0.269,0.008,4.997,0.031,0.04,0.08,0.262,0.01,9.36,0.59,0.0,12.477,N/A,Mann,279.0801325,13.607325833333332
GJ 1230A,3365,31,0.341,0.013,4.914,0.039,0.24,0.08,0.348,0.016,9.55,0.6,0.0,12.205,N/A,Mann,280.2906595833333,24.78734138888889
GJ 4070,3538,29,0.359,0.013,4.908,0.036,-0.16,0.08,0.38,0.016,9.38,0.59,0.0,11.358,N/A,Mann,280.49598208333333,31.83048972222222
Gl 725A,3517,22,0.334,0.006,4.933,0.019,-0.23,0.08,0.349,0.008,9.47,0.6,0.0,8.897,N/A,Mann,280.69460124999995,59.63039138888889
Gl 725B,3421,29,0.259,0.006,5.018,0.024,-0.3,0.08,0.255,0.008,9.41,0.61,0.0,9.733,N/A,Mann,280.69539416666663,59.626866944444444
,3273,23,0.209,0.004,5.081,0.02,-0.13,0.08,0.192,0.005,9.38,0.61,0.0,13.727,N/A,Mann,-100.0,-100.0
Gl 729,3252,21,0.199,0.003,5.098,0.016,-0.18,0.08,0.181,0.004,9.44,0.57,0.0,10.528,N/A,Mann,282.4556820833333,-23.836235277777778
Gl 740,3872,41,0.558,0.013,4.716,0.023,0.14,0.08,0.591,0.014,9.48,0.57,0.0,9.247,N/A,Mann,284.50056749999993,5.9081222222222225
Gl 745A,3516,34,0.305,0.01,4.969,0.034,-0.33,0.08,0.316,0.013,9.5,0.59,0.0,10.78,N/A,Mann,286.7731858333333,20.88803888888889
Gl 745B,3532,34,0.314,0.011,4.959,0.036,-0.35,0.08,0.327,0.014,9.54,0.61,0.0,10.736,N/A,Mann,286.80501625,20.87701611111111
Gl 752A,3619,34,0.457,0.01,4.807,0.021,0.1,0.08,0.488,0.011,9.45,0.56,0.0,9.141,N/A,Mann,289.23023541666663,5.168900000000001
GJ 1236,3365,29,0.229,0.006,5.055,0.026,-0.29,0.08,0.217,0.006,9.45,0.59,0.0,12.388,N/A,Mann,290.50862666666666,7.041753888888889
,3299,14,0.244,0.004,5.025,0.018,0.05,0.03,0.23,0.006,9.4,0.61,0.0,13.894,N/A,Mann,-100.0,-100.0
GJ 1245B,2919,34,0.136,0.004,5.212,0.03,-0.05,0.08,0.11,0.004,9.49,0.6,0.0,13.957,N/A,Mann,298.4797520833333,44.41504083333333
Gl 777B,3190,31,0.202,0.007,5.087,0.034,0.06,0.08,0.182,0.007,9.39,0.6,0.0,14.405,N/A,Mann,300.86075416666665,29.866535833333334
Gl 783.2B,3330,26,0.229,0.012,5.051,0.055,-0.15,0.03,0.215,0.015,9.36,0.61,0.0,13.991,N/A,Mann,302.8052470833333,16.18555277777778
,3541,36,0.419,0.012,4.844,0.028,0.14,0.08,0.447,0.013,9.36,0.59,0.0,12.961,N/A,Mann,-100.0,-100.0
GJ 1253,3084,33,0.177,0.007,5.124,0.041,0.14,0.08,0.152,0.008,9.41,0.61,0.0,14.167,N/A,Mann,306.5220920833333,58.57296666666667
Gl 806,3640,30,0.416,0.011,4.847,0.026,-0.15,0.08,0.444,0.013,9.47,0.59,0.0,10.721,N/A,Mann,311.26707999999996,44.499068055555554
,3317,32,0.246,0.008,5.025,0.033,-0.02,0.08,0.234,0.009,9.41,0.62,0.0,11.462,N/A,Mann,-100.0,-100.0
Gl 809,3846,37,0.515,0.01,4.752,0.02,-0.06,0.08,0.546,0.013,9.39,0.54,0.0,8.566,N/A,Mann,313.33245374999996,62.15439361111111
Gl 811.1,3545,46,0.431,0.022,4.832,0.05,0.16,0.08,0.46,0.025,9.42,0.57,0.0,11.49,N/A,Mann,314.19415374999994,-10.448540833333334
Gl 820B,4126,36,0.574,0.01,4.698,0.018,-0.22,0.08,0.6,0.014,9.43,0.52,0.0,6.066,N/A,Mann,316.7302658333333,38.74204388888889
Gl 821,3620,33,0.352,0.011,4.916,0.032,-0.45,0.08,0.372,0.014,9.43,0.58,0.0,10.901,N/A,Mann,317.3226129166666,-13.302503611111112
Gl 838.3 B,3871,43,0.525,0.014,4.743,0.027,-0.07,0.08,0.556,0.017,9.41,0.57,0.0,11.482,N/A,Mann,327.97453041666665,42.34427277777778
Gl 846,3875,40,0.538,0.012,4.733,0.022,0.02,0.08,0.571,0.015,9.43,0.54,0.0,9.179,N/A,Mann,330.54281249999997,1.400231111111111
Gl 849,3537,32,0.467,0.011,4.794,0.023,0.37,0.08,0.495,0.011,9.4,0.58,0.0,10.409,N/A,Mann,332.41810124999995,-4.640736111111111
GJ 4269,3360,31,0.265,0.007,5.005,0.027,-0.04,0.08,0.259,0.008,9.39,0.63,0.0,13.971,N/A,Mann,334.01083666666665,54.666510277777775
,3924,56,0.569,0.019,4.709,0.033,0.13,0.08,0.604,0.021,9.41,0.53,0.0,10.528,N/A,Mann,-100.0,-100.0
Gl 864,3976,52,0.577,0.017,4.702,0.029,0.07,0.08,0.612,0.018,9.46,0.52,0.0,10.002,N/A,Mann,339.04036749999995,-0.8416002777777778
Gl 875,3836,46,0.529,0.015,4.741,0.028,0.02,0.08,0.562,0.016,9.44,0.53,0.0,9.866,N/A,Mann,342.58093458333326,-7.090104999999999
Gl 876,3384,32,0.333,0.008,4.926,0.024,0.17,0.08,0.341,0.01,9.51,0.58,0.0,10.183,N/A,Mann,343.31971874999994,-14.263695555555556
Gl 880,3760,35,0.537,0.01,4.734,0.018,0.21,0.08,0.57,0.011,9.46,0.52,0.0,8.666,N/A,Mann,344.14501916666666,16.553431944444444
Gl 887,3715,33,0.461,0.009,4.802,0.02,-0.06,0.08,0.491,0.011,9.46,0.58,0.0,7.339,N/A,Mann,346.4668154166666,-35.853070833333334
,4148,43,0.602,0.012,4.683,0.02,-0.05,0.08,0.637,0.016,9.45,0.5,0.0,10.239,N/A,Mann,-100.0,-100.0
Gl 894.1,3953,63,0.578,0.019,4.702,0.032,0.13,0.08,0.614,0.021,9.41,0.51,0.0,10.922,N/A,Mann,349.5747345833333,46.28928944444444
GJ 4333,3432,36,0.386,0.015,4.871,0.038,0.24,0.08,0.404,0.017,9.46,0.57,0.0,11.765,N/A,Mann,350.4060358333333,17.29038638888889
Gl 895,3746,35,0.545,0.012,4.727,0.021,0.31,0.08,0.578,0.012,9.41,0.57,0.0,10.043,N/A,Mann,351.1271441666666,57.85431027777778
Gl 896A,3491,35,0.374,0.01,4.888,0.027,0.03,0.08,0.394,0.012,9.53,0.57,0.0,10.195,N/A,Mann,352.9673908333333,19.937258333333332
Gl 896B,3309,32,0.259,0.008,5.006,0.031,0.03,0.08,0.248,0.009,9.4,0.63,0.0,12.096,N/A,Mann,352.96906375,19.93722361111111
Gl 905,3043,25,0.175,0.003,5.119,0.019,0.23,0.08,0.147,0.004,9.42,0.63,0.0,12.372,N/A,Mann,355.4793179166666,44.17744944444444
GJ 1288,3172,26,0.178,0.005,5.133,0.03,-0.12,0.08,0.157,0.006,9.4,0.6,0.0,14.375,N/A,Mann,355.71977708333327,30.822709166666666
GJ 1289,3250,35,0.224,0.011,5.051,0.049,0.05,0.08,0.206,0.011,9.42,0.61,0.0,12.652,N/A,Mann,355.7762991666666,36.5369825
Gl 908,3704,29,0.394,0.007,4.87,0.018,-0.45,0.08,0.42,0.008,9.45,0.55,0.0,9.004,N/A,Mann,357.30218749999995,2.401223611111111
GJ 4367,3287,28,0.299,0.011,4.954,0.039,0.37,0.08,0.293,0.015,9.41,0.6,0.0,13.27,N/A,Mann,357.63184499999994,-9.559070833333333
