OBJECT,source,Teff,e_Teff,[Fe/H],e_[Fe/H],log(g),e_log(g),FILE,simbadnames_x,ID_NAME,OBJECT_ID,filename,exptime,EXTSNR,qprog,rv,basenames,simbadnames_y
GJ_745_A,Mann,3500.0,60.0,-0.33,0.08,4.927,0.05,/gpfs/group/cfb12/default/HPFData/Processed/WavelengthCalibrated_e2ds/20200606/0006/Slope-20200606T062601_R01.optimal.fits,TIC_384491142|PLX_4451|LSPM_J1907+2053|ASCC__800727|UCAC2__39189853|USNO-B1.0_1108-00373266|CCDM_J19072+2053A|CSI+20-19050|Ci_20_1129|G_184-48|G_185-3|GAT__153|GCRV_11580|GJ___745_A|HIC__93873|HIP__93873|IDS_19029+2044_A|LFT_1449|LHS__3432|LTT_15601|NLTT_47424|PM_19050+2049|Ross__730|TYC_1598-325-1|Zkh_284|[RHG95]__3004|2MASS_J19070556+2053168|WISEP_J190705.22+205313.4|WDS_J19072+2053B|**_LDS_1017B|UCAC4_555-082340|PM_J19070+2053|Gaia_DR1_4519789317615004800|Gaia_DR2_4519789321933481856|Karmn_J19070+208,Gaia_DR2_4519789321933481856,TIC 384491142,./library/20240301_specmatch_nir/FITS/neidL2_20220610T082851.fits,899.843654,43.77530189633057,2022A-452266,32.37168625495845,neidL2_20220610T082851.fits,TIC_384491142|PLX_4451|LSPM_J1907+2053|ASCC__800727|UCAC2__39189853|USNO-B1.0_1108-00373266|CCDM_J19072+2053A|CSI+20-19050|Ci_20_1129|G_184-48|G_185-3|GAT__153|GCRV_11580|GJ___745_A|HIC__93873|HIP__93873|IDS_19029+2044_A|LFT_1449|LHS__3432|LTT_15601|NLTT_47424|PM_19050+2049|Ross__730|TYC_1598-325-1|Zkh_284|[RHG95]__3004|2MASS_J19070556+2053168|WISEP_J190705.22+205313.4|WDS_J19072+2053B|**_LDS_1017B|UCAC4_555-082340|PM_J19070+2053|Gaia_DR1_4519789317615004800|Gaia_DR2_4519789321933481856|Karmn_J19070+208
GJ_3072,Gaidos,3966.998,301.067,-0.19,0.1,4.72,0.12,/gpfs/group/cfb12/default/HPFData/Processed/WavelengthCalibrated_e2ds/20201006/0035/Slope-20201006T064944_R01.optimal.fits,TIC_24250831|2MASS_J01022113-1025256|PLX__208|BD-11___192|GCRV___590|GEN#_-0.01100192|GJ__3072|GSC_05273-01440|HIC___4845|HIP___4845|MCC___3|PPM_209648|TYC_5273-1440-1|UGP__15|[RHG95]___203|PLX__208.00|WISEA_J010221.15-102527.7|Gaia_DR1_2473055947291890816|WEB___934|Gaia_DR2_2473055951588089088,Gaia_DR2_2473055951588089088,TIC 24250831,./library/20240301_specmatch_nir/FITS/neidL2_20211219T055002.fits,899.83067,30.62629499782378,2021B-0435,9.390514588068223,neidL2_20211219T055002.fits,TIC_24250831|2MASS_J01022113-1025256|PLX__208|BD-11___192|GCRV___590|GEN#_-0.01100192|GJ__3072|GSC_05273-01440|HIC___4845|HIP___4845|MCC___3|PPM_209648|TYC_5273-1440-1|UGP__15|[RHG95]___203|PLX__208.00|WISEA_J010221.15-102527.7|Gaia_DR1_2473055947291890816|WEB___934|Gaia_DR2_2473055951588089088
GJ_105_B,Mann,3284.0,60.0,-0.12,0.03,4.941,0.049,/gpfs/group/cfb12/default/HPFData/Processed/WavelengthCalibrated_e2ds/20200108/0019/Slope-20200108T040109_R01.optimal.fits,TIC_278962913|LSPM_J0236+0652|2MASS_J02361535+0652191|USNO-B1.0_0968-00026146|8pc_138.72B|CCDM_J02361+0653B|CSI+06___398__2|Ci_20__175|G__73-71|G__76-12|GEN#_+1.00016160B|GEN#_+1.20016160|GEN#_+9.80073071|GJ___105_B|GSC_00052-00151|IDS_02307+0626_B|LFT__218|LHS____16|LTT_10859|MCC_396|NLTT__8455|UBV____2587|USNO_802|V*_BX_Cet|Zkh__44|[R78b]_153|[RHG95]___463|vMa_2-3|**_PLQ___32B|WDS_J02361+0653C|AKARI-IRC-V1_J0236161+065228|WISE_J023616.50+065233.0|PMSC_02307+0626B|Gaia_DR2_18565464288396416|WISEA_J023616.52+065232.9|UCAC4_485-003632|PM_J02362+0652|Karmn_J02362+068,Gaia_DR2_18565464288396416,TIC 278962913,./library/20240301_specmatch_nir/FITS/neidL2_20211220T062240.fits,899.824844,34.1011754346375,2021B-0435,26.274138497202017,neidL2_20211220T062240.fits,TIC_278962913|LSPM_J0236+0652|2MASS_J02361535+0652191|USNO-B1.0_0968-00026146|8pc_138.72B|CCDM_J02361+0653B|CSI+06___398__2|Ci_20__175|G__73-71|G__76-12|GEN#_+1.00016160B|GEN#_+1.20016160|GEN#_+9.80073071|GJ___105_B|GSC_00052-00151|IDS_02307+0626_B|LFT__218|LHS____16|LTT_10859|MCC_396|NLTT__8455|UBV____2587|USNO_802|V*_BX_Cet|Zkh__44|[R78b]_153|[RHG95]___463|vMa_2-3|**_PLQ___32B|WDS_J02361+0653C|AKARI-IRC-V1_J0236161+065228|WISE_J023616.50+065233.0|PMSC_02307+0626B|Gaia_DR2_18565464288396416|WISEA_J023616.52+065232.9|UCAC4_485-003632|PM_J02362+0652|Karmn_J02362+068
GJ_70,Mann,3458.0,60.0,-0.13,0.08,4.808,0.05,/gpfs/group/cfb12/default/HPFData/Processed/WavelengthCalibrated_e2ds/20200725/0026/Slope-20200725T103643_R01.optimal.fits,TIC_369534824|2MASS_J01432015+0419172|PLX__363.1|LSPM_J0143+0419|ASCC_1096514|UCAC2__33162859|USNO-B1.0_0943-00016573|AC_+03__2259-0|AC_+04__2595-239|CSI+04-01408|G___3-14|G__71-28|GCRV_51952|GEN#_+9.80003014|GEN#_+6.10010070|GJ____70|HIC___8051|HIP___8051|LFT_1851|LHS__1290|LTT_10604|MCC__93|NLTT__5733|PM_01408+0405|TYC___32-1005-1|UBV_M__42923|Zkh__32|[R78b]__77|[RHG95]___319|PLX__363.10|WISEA_J014319.89+041910.0|UCAC4_472-002320|StKM_2-154|PM_J01433+0419|Gaia_DR1_2560771342823697152|WEB__1724|Gaia_DR2_2560771312759450496|Karmn_J01433+043,Gaia_DR2_2560771312759450496,TIC 369534824,./library/20240301_specmatch_nir/FITS/neidL2_20211219T065631.fits,899.820943,13.51127831301718,2021B-0435,-25.93438903850137,neidL2_20211219T065631.fits,TIC_369534824|2MASS_J01432015+0419172|PLX__363.1|LSPM_J0143+0419|ASCC_1096514|UCAC2__33162859|USNO-B1.0_0943-00016573|AC_+03__2259-0|AC_+04__2595-239|CSI+04-01408|G___3-14|G__71-28|GCRV_51952|GEN#_+9.80003014|GEN#_+6.10010070|GJ____70|HIC___8051|HIP___8051|LFT_1851|LHS__1290|LTT_10604|MCC__93|NLTT__5733|PM_01408+0405|TYC___32-1005-1|UBV_M__42923|Zkh__32|[R78b]__77|[RHG95]___319|PLX__363.10|WISEA_J014319.89+041910.0|UCAC4_472-002320|StKM_2-154|PM_J01433+0419|Gaia_DR1_2560771342823697152|WEB__1724|Gaia_DR2_2560771312759450496|Karmn_J01433+043
GJ_699,Mann2015,3228.0,60.0,-0.4,0.08,5.09,0.05,/gpfs/group/cfb12/default/HPFData/Processed/WavelengthCalibrated_e2ds/20181003/0003/Slope-20181003T014556_R01.optimal.fits,TIC_325554331|PLX_4098|LSPM_J1757+0441|ASCC_1153178|UCAC2__33428712|2MASS_J17574849+0441405|USNO-B1.0_0946-00315199|8pc_549.01|AC2000__146626|BD+04__3561a|CCDM_J17578+0441A|CSI+04-17554|CSV___7737|Ci_20_1069|G_140-24|GAT___12|GCRV_10392|GJ___699|GSC_00425-00184|GSC_00425-02502|HIC__87937|HIP__87937|IRAS_17553+0438|JP11____18|LFT_1385|LHS____57|LTT_15309|MCC_799|NLTT_45718|NSV__9910|TYC__425-2502-1|UBV___15269|USNO_347|USNO_876|V*_V2500_Oph|VVO___6|Zkh_269|[RHG95]__2849|WISEA_J175747.94+044323.8|PLX_4098.00|1E_1755.3+0438|NAME_Barnard's_star|NAME_Barnard_Star|UCAC4_474-068224|StKM_2-1355|PM_J17578+0441N|GEN#_+0.00403561|uvby98_000403561|WEB_14849|Gaia_DR2_4472832130942575872|Karmn_J17578+046,Gaia_DR2_4472832130942575872,TIC 325554331,./library/20240301_specmatch_nir/FITS/neidL2_20220514T102831.fits,899.804859,64.09619905256932,2022A-452266,-110.55203921684213,neidL2_20220514T102831.fits,TIC_325554331|PLX_4098|LSPM_J1757+0441|ASCC_1153178|UCAC2__33428712|2MASS_J17574849+0441405|USNO-B1.0_0946-00315199|8pc_549.01|AC2000__146626|BD+04__3561a|CCDM_J17578+0441A|CSI+04-17554|CSV___7737|Ci_20_1069|G_140-24|GAT___12|GCRV_10392|GJ___699|GSC_00425-00184|GSC_00425-02502|HIC__87937|HIP__87937|IRAS_17553+0438|JP11____18|LFT_1385|LHS____57|LTT_15309|MCC_799|NLTT_45718|NSV__9910|TYC__425-2502-1|UBV___15269|USNO_347|USNO_876|V*_V2500_Oph|VVO___6|Zkh_269|[RHG95]__2849|WISEA_J175747.94+044323.8|PLX_4098.00|1E_1755.3+0438|NAME_Barnard's_star|NAME_Barnard_Star|UCAC4_474-068224|StKM_2-1355|PM_J17578+0441N|GEN#_+0.00403561|uvby98_000403561|WEB_14849|Gaia_DR2_4472832130942575872|Karmn_J17578+046
GJ_1148,Mann,3304.0,61.0,0.07,0.08,4.814,0.053,/gpfs/group/cfb12/default/HPFData/Processed/WavelengthCalibrated_e2ds/20190320/0039/Slope-20190320T034635_R01.optimal.fits,TIC_115869504|WISEA_J114144.08+424506.2|Gaia_DR2_772430527947893632|TYC_3016-1877-1|PM_J11417+4245|UCAC4_664-056772|LSPM_J1141+4245|ASCC__408337|UCAC2__46566670|G_122-40|GJ__1148|HIC__57050|HIP__57050|LFT__836|LHS__2443|LTT_13210|NLTT_28266|Ross_1003|USNO_725|[RHG95]__1827|2MASS_J11414471+4245072|USNO-B1.0_1327-00279297|PLX_2703.01|HAT_141-00143|Gaia_DR1_772430901610348032|Karmn_J11417+427,Gaia_DR2_772430527947893632,TIC 115869504,./library/20240301_specmatch_nir/FITS/neidL2_20220515T080022.fits,899.73792,12.29337775432515,2022A-452266,-9.053908215716167,neidL2_20220515T080022.fits,TIC_115869504|WISEA_J114144.08+424506.2|Gaia_DR2_772430527947893632|TYC_3016-1877-1|PM_J11417+4245|UCAC4_664-056772|LSPM_J1141+4245|ASCC__408337|UCAC2__46566670|G_122-40|GJ__1148|HIC__57050|HIP__57050|LFT__836|LHS__2443|LTT_13210|NLTT_28266|Ross_1003|USNO_725|[RHG95]__1827|2MASS_J11414471+4245072|USNO-B1.0_1327-00279297|PLX_2703.01|HAT_141-00143|Gaia_DR1_772430901610348032|Karmn_J11417+427
GJ_701,Mann,3614.0,60.0,-0.22,0.08,4.788,0.048,/gpfs/group/cfb12/default/HPFData/Processed/WavelengthCalibrated_e2ds/20200907/0004/Slope-20200907T022944_R01.optimal.fits,TIC_41378014|PLX_4133|8pc_128.28|BD-03__4233|DO__4566|G__21-1|G__20-22|GCRV_10525|GEN#_+1.00165222|GJ___701|HD_165222|HIC__88574|HIP__88574|IRAS_18024-0302|JP11__2924|L__991-14|LFT_1389|LHS__3356|LPM_667|LTT__7180|MCC_176|NLTT_45883|NSV_10167|PM_18025-0302|PPM_201375|SAO_142072|TYC_5100-282-1|UBV___15372|UGP_443|VVO_182|YZ__93__6055|YZC_17__6055|Zkh_270|[RHG95]__2859|2MASS_J18050755-0301523|UCAC2__30729179|PLX_4133.00|WISEA_J180507.97-030156.2|UCAC4_435-075468|PM_J18051-0301|WEB_14999|Gaia_DR2_4177731838628465408,Gaia_DR2_4177731838628465408,HD 165222,./library/20240301_specmatch_nir/FITS/neidL2_20220516T110132.fits,899.80384,80.58663380716631,2022A-452266,32.62646276119635,neidL2_20220516T110132.fits,TIC_41378014|PLX_4133|8pc_128.28|BD-03__4233|DO__4566|G__21-1|G__20-22|GCRV_10525|GEN#_+1.00165222|GJ___701|HD_165222|HIC__88574|HIP__88574|IRAS_18024-0302|JP11__2924|L__991-14|LFT_1389|LHS__3356|LPM_667|LTT__7180|MCC_176|NLTT_45883|NSV_10167|PM_18025-0302|PPM_201375|SAO_142072|TYC_5100-282-1|UBV___15372|UGP_443|VVO_182|YZ__93__6055|YZC_17__6055|Zkh_270|[RHG95]__2859|2MASS_J18050755-0301523|UCAC2__30729179|PLX_4133.00|WISEA_J180507.97-030156.2|UCAC4_435-075468|PM_J18051-0301|WEB_14999|Gaia_DR2_4177731838628465408
GJ_649,Von Braun,3590.0,45.0,-0.04,0.1,4.75,0.02,/gpfs/group/cfb12/default/HPFData/Processed/WavelengthCalibrated_e2ds/20200208/0077/Slope-20200208T120619_R01.optimal.fits,TIC_236743275|PLX_3857|LSPM_J1658+2544|ASCC__694128|UCAC2__40870437|USNO-B1.0_1157-00248752|BD+25__3173|Ci_20_1014|G_169-38|G_170-6|GCRV__9782|GEN#_+0.02503173|GJ___649|HIC__83043|HIP__83043|IRAS_16560+2549|LFT_1313|LHS__3257|LTT_15016|MCC_785|NLTT_43922|PM_16561+2550|Ross__860|TYC_2063-479-1|UBV___14365|UBV_M___1485|VVO__44|Zkh_239|[RHG95]__2673|2MASS_J16580884+2544392|PLX_3857.00|WISEA_J165808.75+254433.6|NSV_20873|Gaia_DR2_4572835535272064768|UCAC4_579-054393|StKM_2-1286|PM_J16581+2544|Gaia_DR1_4572835737133711744|WEB_14039|Karmn_J16581+257,Gaia_DR2_4572835535272064768,TIC 236743275,./library/20240301_specmatch_nir/FITS/neidL2_20220610T070906.fits,899.853382,66.9913536418858,2022A-452266,4.28968219417343,neidL2_20220610T070906.fits,TIC_236743275|PLX_3857|LSPM_J1658+2544|ASCC__694128|UCAC2__40870437|USNO-B1.0_1157-00248752|BD+25__3173|Ci_20_1014|G_169-38|G_170-6|GCRV__9782|GEN#_+0.02503173|GJ___649|HIC__83043|HIP__83043|IRAS_16560+2549|LFT_1313|LHS__3257|LTT_15016|MCC_785|NLTT_43922|PM_16561+2550|Ross__860|TYC_2063-479-1|UBV___14365|UBV_M___1485|VVO__44|Zkh_239|[RHG95]__2673|2MASS_J16580884+2544392|PLX_3857.00|WISEA_J165808.75+254433.6|NSV_20873|Gaia_DR2_4572835535272064768|UCAC4_579-054393|StKM_2-1286|PM_J16581+2544|Gaia_DR1_4572835737133711744|WEB_14039|Karmn_J16581+257
GJ_458.2,Mann,3900.0,61.0,0.14,0.08,4.633,0.0559999999999999,/gpfs/group/cfb12/default/HPFData/Processed/WavelengthCalibrated_e2ds/20190320/0057/Slope-20190320T095505_R01.optimal.fits,TIC_53580461|LSPM_J1215+4843|ASCC__329726|USNO-B1.0_1387-00223528|BD+49__2126|G_198-37|GJ___458.2|GSC_03455-00111|HIC__59748|HIP__59748|MCC_640|NGP_49__71|NLTT_30123|TYC_3455-111-1|[RHG95]__1925|2MASS_J12150885+4843574|Pul_-3__910088|GJ__9399|UCAC4_694-052092|StKM_2-807|PM_J12151+4843|Gaia_DR1_1545795529110395136|Gaia_DR2_1545795529110395136,Gaia_DR2_1545795529110395136,TIC 53580461,./library/20240301_specmatch_nir/FITS/neidL2_20220515T082008.fits,899.783686,30.15844218393253,2022A-452266,-14.112415287862094,neidL2_20220515T082008.fits,TIC_53580461|LSPM_J1215+4843|ASCC__329726|USNO-B1.0_1387-00223528|BD+49__2126|G_198-37|GJ___458.2|GSC_03455-00111|HIC__59748|HIP__59748|MCC_640|NGP_49__71|NLTT_30123|TYC_3455-111-1|[RHG95]__1925|2MASS_J12150885+4843574|Pul_-3__910088|GJ__9399|UCAC4_694-052092|StKM_2-807|PM_J12151+4843|Gaia_DR1_1545795529110395136|Gaia_DR2_1545795529110395136
GJ_393,Mann,3548.0,60.0,-0.18,0.08,4.821000000000001,0.05,/gpfs/group/cfb12/default/HPFData/Processed/WavelengthCalibrated_e2ds/20180430/0044/Slope-20180430T041431_R01.optimal.fits,TIC_277888583|PLX_2456|LSPM_J1028+0050|ASCC_1133482|UCAC2__32036240|USNO-B1.0_0908-00191111|8pc_138.29|AG+01_1298|BD+01__2447|Ci_20__580|G__55-24|G_162-60|GCRV__6576|GEN#_+0.00102447|GJ___393|GSC_00246-01068|HIC__51317|HIP__51317|JP11_____7|LFT__719|LHS__2272|LTT_12805|MCC_127|NAME_NC_28|NLTT_24467|PPM_156874|Ross__446|TYC__246-1068-1|UBV____9694|UBV_M____156|UBV____9672|VVO_262|Zkh_142|[ATZ98]_C060|[RHG95]__1642|2MASS_J10285555+0050275|PLX_2456.00|1RXS_J102855.9+005023|RX_J1028.9+0050|ASAS_J102856+0050.5|WISEA_J102855.13+005020.1|UCAC4_455-050081|StKM_2-642|PM_J10289+0050|GALEX_6381928538042272148|WEB__9373|Gaia_DR2_3855208897392952192,Gaia_DR2_3855208897392952192,TIC 277888583,./library/20240301_specmatch_nir/FITS/neidL2_20220222T064810.fits,899.773279,27.86544694826978,2022A-452266,8.296371438543499,neidL2_20220222T064810.fits,TIC_277888583|PLX_2456|LSPM_J1028+0050|ASCC_1133482|UCAC2__32036240|USNO-B1.0_0908-00191111|8pc_138.29|AG+01_1298|BD+01__2447|Ci_20__580|G__55-24|G_162-60|GCRV__6576|GEN#_+0.00102447|GJ___393|GSC_00246-01068|HIC__51317|HIP__51317|JP11_____7|LFT__719|LHS__2272|LTT_12805|MCC_127|NAME_NC_28|NLTT_24467|PPM_156874|Ross__446|TYC__246-1068-1|UBV____9694|UBV_M____156|UBV____9672|VVO_262|Zkh_142|[ATZ98]_C060|[RHG95]__1642|2MASS_J10285555+0050275|PLX_2456.00|1RXS_J102855.9+005023|RX_J1028.9+0050|ASAS_J102856+0050.5|WISEA_J102855.13+005020.1|UCAC4_455-050081|StKM_2-642|PM_J10289+0050|GALEX_6381928538042272148|WEB__9373|Gaia_DR2_3855208897392952192
LSPM_J1105+4331W,Von Braun,3497.0,39.0,-0.4,0.1,4.87,0.02,/gpfs/group/cfb12/default/HPFData/Processed/WavelengthCalibrated_e2ds/20190319/0039/Slope-20190319T041042_R01.optimal.fits,TIC_252803603|PLX_2582|ASCC__407596|UCAC2__46827681|2MASS_J11052903+4331357|USNO-B1.0_1335-00220263|8pc_206.94A|AC2000_1463341|AG+43_1004|AGKR__9948|BD+44__2051|CSI+44__2051__1|Ci_20__606|Ci_18_1349|FK5_4979|Furuhjelm____I-650|G_176-11|GC_15252|GCRV__6831|GEN#_+0.04402051A|GJ___412_A|GSC_03012-02528|HIC__54211|HIP__54211|IRAS_F11029+4346|IRAS_11027+4347|JP11___178|JP11___179|JP11___177|LAL_21258|LFT__757|LHS____38|LTT_12976|MCC__35|NLTT_26245|PPM__52239|SAO__43609|TYC_3012-2528-1|UBV___10126|UBV_M___3351|Zkh_150|[RHG95]__1723|LSPM_J1105+4331W|WDS_J11055+4332A|PM_J11054+4331|CCDM_J11055+4332A|**_VBS___18A|AKARI-IRC-V1_J1105259+433142|WISE_J110524.38+433146.2|[ZEH2003]_RX_J1105.5+4331__1|WISEA_J110524.36+433146.2|StKM_2-698|UCAC4_668-057562|WEB__9800|Gaia_DR2_778947814402405120|Karmn_J11054+435,Gaia_DR2_778947814402405120,TIC 252803603,./library/20240301_specmatch_nir/FITS/neidL2_20220419T093218.fits,899.820647,3.572031862246302,2022A-452266,68.84710995641393,neidL2_20220419T093218.fits,TIC_252803603|PLX_2582|ASCC__407596|UCAC2__46827681|2MASS_J11052903+4331357|USNO-B1.0_1335-00220263|8pc_206.94A|AC2000_1463341|AG+43_1004|AGKR__9948|BD+44__2051|CSI+44__2051__1|Ci_20__606|Ci_18_1349|FK5_4979|Furuhjelm____I-650|G_176-11|GC_15252|GCRV__6831|GEN#_+0.04402051A|GJ___412_A|GSC_03012-02528|HIC__54211|HIP__54211|IRAS_F11029+4346|IRAS_11027+4347|JP11___178|JP11___179|JP11___177|LAL_21258|LFT__757|LHS____38|LTT_12976|MCC__35|NLTT_26245|PPM__52239|SAO__43609|TYC_3012-2528-1|UBV___10126|UBV_M___3351|Zkh_150|[RHG95]__1723|LSPM_J1105+4331W|WDS_J11055+4332A|PM_J11054+4331|CCDM_J11055+4332A|**_VBS___18A|AKARI-IRC-V1_J1105259+433142|WISE_J110524.38+433146.2|[ZEH2003]_RX_J1105.5+4331__1|WISEA_J110524.36+433146.2|StKM_2-698|UCAC4_668-057562|WEB__9800|Gaia_DR2_778947814402405120|Karmn_J11054+435
GJ_251,Mann,3448.0,60.0,-0.02,0.08,4.877,0.049,/gpfs/group/cfb12/default/HPFData/Processed/WavelengthCalibrated_e2ds/20200114/0056/Slope-20200114T091114_R01.optimal.fits,TIC_68581262|2MASS_J06544902+3316058|IRAS_06515+3320|PLX_1609|LSPM_J0654+3316|TYC_2441-572-1|ASCC__574333|UCAC2__43431171|USNO-B1.0_1232-00178536|8pc_181.32|AC_+33_25644|CSI+33-06516|Ci_20__400|G__87-12|G_103-68|GCRV__4506|GEN#_+9.80087012|GEN#_+6.10010251|GJ___251|HD_265866|HIC__33226|HIP__33226|JP11__5122|JP11__5121|JP11__5123|JP11__5120|LFT__497|LHS__1879|LTT_11941|MCC_482|NLTT_17147|UBV_M__42939|Wolf__294|Zkh__95|[RHG95]__1094|PLX_1609.00|WISEA_J065448.38+331601.2|UCAC4_617-038292|StKM_2-440|PM_J06548+3316|Gaia_DR1_939072609037892224|WEB__6685|Gaia_DR2_939072613334579328|Karmn_J06548+332,Gaia_DR2_939072613334579328,HD 265866,./library/20240301_specmatch_nir/FITS/neidL2_20220222T055903.fits,899.768721,30.43778204907217,2022A-452266,22.882009166636053,neidL2_20220222T055903.fits,TIC_68581262|2MASS_J06544902+3316058|IRAS_06515+3320|PLX_1609|LSPM_J0654+3316|TYC_2441-572-1|ASCC__574333|UCAC2__43431171|USNO-B1.0_1232-00178536|8pc_181.32|AC_+33_25644|CSI+33-06516|Ci_20__400|G__87-12|G_103-68|GCRV__4506|GEN#_+9.80087012|GEN#_+6.10010251|GJ___251|HD_265866|HIC__33226|HIP__33226|JP11__5122|JP11__5121|JP11__5123|JP11__5120|LFT__497|LHS__1879|LTT_11941|MCC_482|NLTT_17147|UBV_M__42939|Wolf__294|Zkh__95|[RHG95]__1094|PLX_1609.00|WISEA_J065448.38+331601.2|UCAC4_617-038292|StKM_2-440|PM_J06548+3316|Gaia_DR1_939072609037892224|WEB__6685|Gaia_DR2_939072613334579328|Karmn_J06548+332
GJ_507.1,Mann,3650.0,60.0,0.4,0.08,4.6610000000000005,0.051,/gpfs/group/cfb12/default/HPFData/Processed/WavelengthCalibrated_e2ds/20190228/0026/Slope-20190228T122907_R01.optimal.fits,TIC_105618383|PLX_3047.1|CSI+33-13174|LSPM_J1319+3320|TYC_2538-800-1|ASCC__588892|UCAC2__43447987|G_164-66|GEN#_+9.80164066|GJ___507.1|GJ__9440|HIC__65016|HIP__65016|LTT_13871|MCC__45|NLTT_33716|Ross_1007|VVO_174|[RHG95]__2096|2MASS_J13194014+3320477|USNO-B1.0_1233-00234996|PLX_3047.10|SDSS_J131940.01+332046.8|2XMM_J131940.1+332048|WISEA_J131939.87+332046.1|GCRV__4698_E|GCRV_64025|UCAC4_617-049385|StKM_2-928|PM_J13196+3320|Gaia_DR1_1472718206757028480|GALEX_6379324865516670675|WEB_11490|Gaia_DR2_1472718211053416320,Gaia_DR2_1472718211053416320,TIC 105618383,./library/20240301_specmatch_nir/FITS/neidL2_20220514T084916.fits,899.807092,41.68579930424098,2022A-452266,-11.734214126279145,neidL2_20220514T084916.fits,TIC_105618383|PLX_3047.1|CSI+33-13174|LSPM_J1319+3320|TYC_2538-800-1|ASCC__588892|UCAC2__43447987|G_164-66|GEN#_+9.80164066|GJ___507.1|GJ__9440|HIC__65016|HIP__65016|LTT_13871|MCC__45|NLTT_33716|Ross_1007|VVO_174|[RHG95]__2096|2MASS_J13194014+3320477|USNO-B1.0_1233-00234996|PLX_3047.10|SDSS_J131940.01+332046.8|2XMM_J131940.1+332048|WISEA_J131939.87+332046.1|GCRV__4698_E|GCRV_64025|UCAC4_617-049385|StKM_2-928|PM_J13196+3320|Gaia_DR1_1472718206757028480|GALEX_6379324865516670675|WEB_11490|Gaia_DR2_1472718211053416320
GJ_273,Mann,3317.0,60.0,-0.11,0.08,4.894,0.049,/gpfs/group/cfb12/default/HPFData/Processed/WavelengthCalibrated_e2ds/20191115/0032/Slope-20191115T091235_R01.optimal.fits,PLX_1755|LSPM_J0727+0513|ASCC_1029189|UCAC2__33555673|USNO-B1.0_0952-00140898|8pc_263.26|AC2000__282902|BD+05__1668|G_112-17|G__89-19|GAT_1092|GCRV__4954|GEN#_+0.00501668|GJ___273|GSC_00173-01124|HIC__36208|HIP__36208|IRAS_07247+0520|JP11____25|LFT__527|LHS____33|LTT_12021|MCC__17|NAME_Luyten's_star|NLTT_17881|PM_07247+0522|RAFGL__273|TYC__173-3208-1|UBV____7206|UBV_M____272|VVO_207|Zkh_102|[HFE83]__515|[JHC84]__57|[RHG95]__1168|2MASS_J07272450+0513329|PLX_1755.00|PM_J07274+0513|WEB__7213|Gaia_DR2_3139847906304421632|Karmn_J07274+052|**_WDK____2A|WDS_J07274+0514A|TIC_318686860,Gaia_DR2_3139847906304421632,TIC 318686860,./library/20240301_specmatch_nir/FITS/neidL2_20220222T050549.fits,899.77355,29.5397759220165,2022A-452266,18.217935266443554,neidL2_20220222T050549.fits,PLX_1755|LSPM_J0727+0513|ASCC_1029189|UCAC2__33555673|USNO-B1.0_0952-00140898|8pc_263.26|AC2000__282902|BD+05__1668|G_112-17|G__89-19|GAT_1092|GCRV__4954|GEN#_+0.00501668|GJ___273|GSC_00173-01124|HIC__36208|HIP__36208|IRAS_07247+0520|JP11____25|LFT__527|LHS____33|LTT_12021|MCC__17|NAME_Luyten's_star|NLTT_17881|PM_07247+0522|RAFGL__273|TYC__173-3208-1|UBV____7206|UBV_M____272|VVO_207|Zkh_102|[HFE83]__515|[JHC84]__57|[RHG95]__1168|2MASS_J07272450+0513329|PLX_1755.00|PM_J07274+0513|WEB__7213|Gaia_DR2_3139847906304421632|Karmn_J07274+052|**_WDK____2A|WDS_J07274+0514A|TIC_318686860
GJ_361,Mann,3500.0,60.0,-0.05,0.08,4.739,0.05,/gpfs/group/cfb12/default/HPFData/Processed/WavelengthCalibrated_e2ds/20191219/0039/Slope-20191219T124524_R01.optimal.fits,TIC_307646256|PLX_2298|AC_+13__1301|LSPM_J0941+1312|ASCC__948734|UCAC2__36470874|USNO-B1.0_1032-00196900|CSI+13-09385|Ci_20__540|G__42-17|GCRV__6241|GEN#_+9.80042017|GJ___361|HIC__47513|HIP__47513|LFT__670|LHS__2173|LTT_12562|MCC_551|NLTT_22345|PM_09385+1326|Ross___85|TYC__827-1159-1|[RHG95]__1528|2MASS_J09411033+1312344|PLX_2298.00|WISEA_J094109.88+131232.9|UCAC4_517-050105|PM_J09411+1312|Gaia_DR1_614543643201618304|GALEX_6377741567696831240|WEB__8913|Gaia_DR2_614543647497149056|Karmn_J09411+132,Gaia_DR2_614543647497149056,TIC 307646256,./library/20240301_specmatch_nir/FITS/neidL2_20220514T053953.fits,899.843551,22.26109430980194,2022A-452266,11.516588900210198,neidL2_20220514T053953.fits,TIC_307646256|PLX_2298|AC_+13__1301|LSPM_J0941+1312|ASCC__948734|UCAC2__36470874|USNO-B1.0_1032-00196900|CSI+13-09385|Ci_20__540|G__42-17|GCRV__6241|GEN#_+9.80042017|GJ___361|HIC__47513|HIP__47513|LFT__670|LHS__2173|LTT_12562|MCC_551|NLTT_22345|PM_09385+1326|Ross___85|TYC__827-1159-1|[RHG95]__1528|2MASS_J09411033+1312344|PLX_2298.00|WISEA_J094109.88+131232.9|UCAC4_517-050105|PM_J09411+1312|Gaia_DR1_614543643201618304|GALEX_6377741567696831240|WEB__8913|Gaia_DR2_614543647497149056|Karmn_J09411+132
GJ_176,Von Braun,3679.0,77.0,0.15,0.1,4.8,0.03,/gpfs/group/cfb12/default/HPFData/Processed/WavelengthCalibrated_e2ds/20191208/0013/Slope-20191208T040844_R01.optimal.fits,TIC_397354290|2MASS_J04425581+1857285|PLX_1046|LSPM_J0442+1857|ASCC__838914|UCAC2__38384336|USNO-B1.0_1089-00054746|BD+18___683|Ci_20__303|G__85-9|G__83-32|G___8-55|GCRV__2763|GEN#_+1.00285968|GEN#_+0.01800683|GJ___176|HD_285968|HIC__21932|HIP__21932|JP11__3797|LFT__372|LHS___196|LTT_11495|MCC_107|NLTT_13785|PM_04400+1853|Ross___33|TYC_1275-2034-1|UBV____4524|UBV_M____869|VVO_203|Zkh__64|[HFE83]__320|[RHG95]___817|PLX_1046.00|IRAS_04399+1852|AKARI-IRC-V1_J0442561+185721|Gaia_DR2_3409711211681795584|WISEA_J044256.24+185718.0|UCAC4_545-010524|PM_J04429+1857|Gaia_DR1_3409711211297795584|WEB__4214|Karmn_J04429+189|1RXS_J044254.6+185718,Gaia_DR2_3409711211681795584,HD 285968,./library/20240301_specmatch_nir/FITS/neidL2_20220222T042321.fits,899.820573,20.82927910718371,2022A-452266,26.188928199719903,neidL2_20220222T042321.fits,TIC_397354290|2MASS_J04425581+1857285|PLX_1046|LSPM_J0442+1857|ASCC__838914|UCAC2__38384336|USNO-B1.0_1089-00054746|BD+18___683|Ci_20__303|G__85-9|G__83-32|G___8-55|GCRV__2763|GEN#_+1.00285968|GEN#_+0.01800683|GJ___176|HD_285968|HIC__21932|HIP__21932|JP11__3797|LFT__372|LHS___196|LTT_11495|MCC_107|NLTT_13785|PM_04400+1853|Ross___33|TYC_1275-2034-1|UBV____4524|UBV_M____869|VVO_203|Zkh__64|[HFE83]__320|[RHG95]___817|PLX_1046.00|IRAS_04399+1852|AKARI-IRC-V1_J0442561+185721|Gaia_DR2_3409711211681795584|WISEA_J044256.24+185718.0|UCAC4_545-010524|PM_J04429+1857|Gaia_DR1_3409711211297795584|WEB__4214|Karmn_J04429+189|1RXS_J044254.6+185718
GJ_9066,Mann,3080.0,60.0,-0.16,0.08,5.053,0.053,/gpfs/group/cfb12/default/HPFData/Processed/WavelengthCalibrated_e2ds/20200724/0029/Slope-20200724T102147_R01.optimal.fits,TIC_404715018|LSPM_J0200+1303|UCAC2__36403434|2MASS_J02001278+1303112|USNO-B1.0_1030-00025765|2E___510|8pc_224.80|CSI+12-01575|G___3-33|G__73-12|GJ____83.1|GJ__9066|GSC_00629-01255|JP11__5196|L_1159-16|LFT__171|LHS____11|LP__469-42|LTT_10681|NLTT__6690|PM_01575+1250|UBV_M__43000|USNO_109|V*_TZ_Ari|Zkh__36|[GS83]__70|[R78b]__95|[RHG95]___358|PLX__412.02|1RXS_J020012.5+130317|2E_0157.5+1249|RX_J0200.2+1303|[ZEH2003]_RX_J0200.2+1303__1|[GKL99]_52|WISEA_J020013.74+130248.6|UCAC4_516-003340|PM_J02002+1303|GALEX_6377389729346749191|Gaia_DR2_76868614540049408|Karmn_J02002+130,Gaia_DR2_76868614540049408,Gaia DR2 76868614540049408,./library/20240301_specmatch_nir/FITS/neidL2_20220222T024533.fits,899.800836,6.369313132180293,2022A-452266,-28.56949817016425,neidL2_20220222T024533.fits,TIC_404715018|LSPM_J0200+1303|UCAC2__36403434|2MASS_J02001278+1303112|USNO-B1.0_1030-00025765|2E___510|8pc_224.80|CSI+12-01575|G___3-33|G__73-12|GJ____83.1|GJ__9066|GSC_00629-01255|JP11__5196|L_1159-16|LFT__171|LHS____11|LP__469-42|LTT_10681|NLTT__6690|PM_01575+1250|UBV_M__43000|USNO_109|V*_TZ_Ari|Zkh__36|[GS83]__70|[R78b]__95|[RHG95]___358|PLX__412.02|1RXS_J020012.5+130317|2E_0157.5+1249|RX_J0200.2+1303|[ZEH2003]_RX_J0200.2+1303__1|[GKL99]_52|WISEA_J020013.74+130248.6|UCAC4_516-003340|PM_J02002+1303|GALEX_6377389729346749191|Gaia_DR2_76868614540049408|Karmn_J02002+130
BD+29_2279,Mann,3993.0,60.0,0.46,0.08,4.669,0.0559999999999999,/gpfs/group/cfb12/default/HPFData/Processed/WavelengthCalibrated_e2ds/20191123/0065/Slope-20191123T122518_R01.optimal.fits,TIC_328860504|PLX_2838|GJ__9404|LSPM_J1219+2822|ASCC__684708|UCAC2__41716815|USNO-B1.0_1183-00212601|BD+29__2279|BPS_BS_16026-0017|Ci_20__695|G_148-45|G_121-77|GCRV__7388|GEN#_+0.02902279|GJ___459.3|HIC__60093|HIP__60093|LFT__896|LHS__2544|LTT_13444|MCC_644|NGP_29__77|NLTT_30331|PM_12169+2840|TYC_1991-1020-1|VVO__14|Wolf__408|[RHG95]__1935|p._MC_560_4|2MASS_J12192407+2822566|PLX_2838.00|WISEA_J121923.57+282257.3|UCAC4_592-048933|StKM_2-818|PM_J12194+2822|Gaia_DR1_4010201858944875392|WEB_10685|Gaia_DR2_4010201828880793984,Gaia_DR2_4010201828880793984,TIC 328860504,./library/20240301_specmatch_nir/FITS/neidL2_20220514T082754.fits,899.841065,43.2032756357987,2022A-452266,-0.7433665901830846,neidL2_20220514T082754.fits,TIC_328860504|PLX_2838|GJ__9404|LSPM_J1219+2822|ASCC__684708|UCAC2__41716815|USNO-B1.0_1183-00212601|BD+29__2279|BPS_BS_16026-0017|Ci_20__695|G_148-45|G_121-77|GCRV__7388|GEN#_+0.02902279|GJ___459.3|HIC__60093|HIP__60093|LFT__896|LHS__2544|LTT_13444|MCC_644|NGP_29__77|NLTT_30331|PM_12169+2840|TYC_1991-1020-1|VVO__14|Wolf__408|[RHG95]__1935|p._MC_560_4|2MASS_J12192407+2822566|PLX_2838.00|WISEA_J121923.57+282257.3|UCAC4_592-048933|StKM_2-818|PM_J12194+2822|Gaia_DR1_4010201858944875392|WEB_10685|Gaia_DR2_4010201828880793984
GJ_673,Mann,4124.0,60.0,0.19,0.08,4.663,0.048,/gpfs/group/cfb12/default/HPFData/Processed/WavelengthCalibrated_e2ds/20190227/0077/Slope-20190227T123803_R01.optimal.fits,TIC_327860248|PLX_3955|LSPM_J1725+0206|ASCC_1150521|USNO-B1.0_0921-00392557|8pc_129.54|AG+02_2080|AGKR_15538|BD+02__3312|Ci_20_1036|G__19-24|G__20-2|GC_23592|GCRV_10069|GEN#_+1.00157881|GJ___673|GSC_00405-00956|HD_157881|HIC__85295|HIP__85295|IRAS_17232+0209|JP11__2852|LFT_1348|LHS___447|LTT_15175|MCC_794|NLTT_44767|PM_17233+0210|PPM_163976|SAO_122374|SKY#_31452|SRS__14197|TYC__405-956-1|UBV___14866|UBV_M__22182|VVO_250|Wolf__718|YZ___2__5766|YZC_20__5766|Zkh_254|[GS83]__64|[RHG95]__2756|uvby98_100157881|2MASS_J17254521+0206406|PLX_3955.00|WISEA_J172544.81+020629.2|UCAC4_461-067140|StKM_2-1320|Gaia_DR1_4375233191015944192|WEB_14399|Gaia_DR2_4375233191015944192|1RXS_J172545.6+020646|**_CSN____8A|WDS_J17258+0207A|GES_J17254471+0206252,Gaia_DR2_4375233191015944192,HD 157881,./library/20240301_specmatch_nir/FITS/neidL2_20220610T103628.fits,899.832589,189.3685803211131,2022A-452266,-23.22013624419406,neidL2_20220610T103628.fits,TIC_327860248|PLX_3955|LSPM_J1725+0206|ASCC_1150521|USNO-B1.0_0921-00392557|8pc_129.54|AG+02_2080|AGKR_15538|BD+02__3312|Ci_20_1036|G__19-24|G__20-2|GC_23592|GCRV_10069|GEN#_+1.00157881|GJ___673|GSC_00405-00956|HD_157881|HIC__85295|HIP__85295|IRAS_17232+0209|JP11__2852|LFT_1348|LHS___447|LTT_15175|MCC_794|NLTT_44767|PM_17233+0210|PPM_163976|SAO_122374|SKY#_31452|SRS__14197|TYC__405-956-1|UBV___14866|UBV_M__22182|VVO_250|Wolf__718|YZ___2__5766|YZC_20__5766|Zkh_254|[GS83]__64|[RHG95]__2756|uvby98_100157881|2MASS_J17254521+0206406|PLX_3955.00|WISEA_J172544.81+020629.2|UCAC4_461-067140|StKM_2-1320|Gaia_DR1_4375233191015944192|WEB_14399|Gaia_DR2_4375233191015944192|1RXS_J172545.6+020646|**_CSN____8A|WDS_J17258+0207A|GES_J17254471+0206252
GJ_686,Mann,3657.0,60.0,-0.25,0.08,4.829,0.048,/gpfs/group/cfb12/default/HPFData/Processed/WavelengthCalibrated_e2ds/20200215/0031/Slope-20200215T123708_R01.optimal.fits,TIC_230241767|PLX_4009|LSPM_J1737+1835|ASCC__878749|UCAC2__38455998|USNO-B1.0_1085-00280931|AC_+18__1453|AC_+18__1459-48|AG+18_1586|BD+18__3421|CSI+18-17356|Ci_18_2347|Ci_20_1050|G_170-55|GCRV_10187|GEN#_+0.01803421|GJ___686|HIC__86287|HIP__86287|IRAS_17356+1836|L_1278-24|LFT_1363|LHS___452|LTT_15228|MCC_169|NLTT_45173|PPM_133635|TYC_1555-1029-1|UBV___15007|VVO__64|Zkh_259|[RHG95]__2792|2MASS_J17375330+1835295|PLX_4009.00|NSV_23111|WISEA_J173754.04+183540.0|StKM_2-1329|PM_J17378+1835|WEB_14554|Gaia_DR2_4550763526539955712|Karmn_J17378+185,Gaia_DR2_4550763526539955712,TIC 230241767,./library/20240301_specmatch_nir/FITS/neidL2_20220610T105554.fits,899.831365,71.73245138045272,2022A-452266,-9.574594517284527,neidL2_20220610T105554.fits,TIC_230241767|PLX_4009|LSPM_J1737+1835|ASCC__878749|UCAC2__38455998|USNO-B1.0_1085-00280931|AC_+18__1453|AC_+18__1459-48|AG+18_1586|BD+18__3421|CSI+18-17356|Ci_18_2347|Ci_20_1050|G_170-55|GCRV_10187|GEN#_+0.01803421|GJ___686|HIC__86287|HIP__86287|IRAS_17356+1836|L_1278-24|LFT_1363|LHS___452|LTT_15228|MCC_169|NLTT_45173|PPM_133635|TYC_1555-1029-1|UBV___15007|VVO__64|Zkh_259|[RHG95]__2792|2MASS_J17375330+1835295|PLX_4009.00|NSV_23111|WISEA_J173754.04+183540.0|StKM_2-1329|PM_J17378+1835|WEB_14554|Gaia_DR2_4550763526539955712|Karmn_J17378+185
GJ_2066,Mann,3500.0,60.0,-0.12,0.08,4.766,0.049,/gpfs/group/cfb12/default/HPFData/Processed/WavelengthCalibrated_e2ds/20200107/0033/Slope-20200107T065409_R01.optimal.fits,TIC_455139555|LSPM_J0816+0118|TYC__196-1309-1|ASCC_1126826|UCAC2__32192525|USNO-B1.0_0913-00160889|G_113-20|GEN#_+9.80113020|GJ__2066|HIC__40501|HIP__40501|NLTT_19217|UBV_M__53750|[RHG95]__1299|2MASS_J08160798+0118091|PLX_1965.12|WISEA_J081607.71+011810.1|UCAC4_457-041317|StKM_2-486|PM_J08161+0118|Gaia_DR1_3089711374373226752|Gaia_DR2_3089711447388931584|Karmn_J08161+013,Gaia_DR2_3089711447388931584,TIC 455139555,./library/20240301_specmatch_nir/FITS/neidL2_20220106T112107.fits,899.830169,42.44827074562435,2021B-0435,62.15252325524799,neidL2_20220106T112107.fits,TIC_455139555|LSPM_J0816+0118|TYC__196-1309-1|ASCC_1126826|UCAC2__32192525|USNO-B1.0_0913-00160889|G_113-20|GEN#_+9.80113020|GJ__2066|HIC__40501|HIP__40501|NLTT_19217|UBV_M__53750|[RHG95]__1299|2MASS_J08160798+0118091|PLX_1965.12|WISEA_J081607.71+011810.1|UCAC4_457-041317|StKM_2-486|PM_J08161+0118|Gaia_DR1_3089711374373226752|Gaia_DR2_3089711447388931584|Karmn_J08161+013
GJ_809,Von Braun,3692.0,22.0,-0.21,0.1,4.72,0.01,/gpfs/group/cfb12/default/HPFData/Processed/WavelengthCalibrated_e2ds/20200604/0060/Slope-20200604T101323_R01.optimal.fits,TIC_365670764|8pc_141.95|PLX_5012|LSPM_J2053+6209|TYC_4251-655-1|ASCC__143946|AG+61_1227|BD+61__2068|CCDM_J20532+6210A|CSI+61__2068__1|Ci_18_2707|Ci_20_1238|DO_38993|G_231-19|G_262-30|GCRV_13127|GEN#_+1.00199305|HD_199305|HIC_103096|HIP_103096|IDS_20513+6148_A|IRAS_20522+6158A|JP11__3294|LFT_1580|LHS__3595|LTT_16113|MCC_199|NLTT_50124|PPM__22451|UBV___18110|UBV_M__25276|VVO_109|Zkh_314|[HFE83]_1402|[RHG95]__3263|2MASS_J20531977+6209156|USNO-B1.0_1521-00338444|PLX_5012.00|1RXS_J205319.0+620928|WDS_J20533+6209A|GJ___809|**_BUP__219A|WISEA_J205319.80+620907.8|UCAC4_761-057971|PM_J20533+6209|Gaia_DR1_2195886967353517312|WEB_18720|Gaia_DR2_2195886971653527168,Gaia_DR2_2195886971653527168,HD 199305,./library/20240301_specmatch_nir/FITS/neidL2_20220610T095731.fits,899.848442,114.9770892661544,2022A-452266,-17.193590351468085,neidL2_20220610T095731.fits,TIC_365670764|8pc_141.95|PLX_5012|LSPM_J2053+6209|TYC_4251-655-1|ASCC__143946|AG+61_1227|BD+61__2068|CCDM_J20532+6210A|CSI+61__2068__1|Ci_18_2707|Ci_20_1238|DO_38993|G_231-19|G_262-30|GCRV_13127|GEN#_+1.00199305|HD_199305|HIC_103096|HIP_103096|IDS_20513+6148_A|IRAS_20522+6158A|JP11__3294|LFT_1580|LHS__3595|LTT_16113|MCC_199|NLTT_50124|PPM__22451|UBV___18110|UBV_M__25276|VVO_109|Zkh_314|[HFE83]_1402|[RHG95]__3263|2MASS_J20531977+6209156|USNO-B1.0_1521-00338444|PLX_5012.00|1RXS_J205319.0+620928|WDS_J20533+6209A|GJ___809|**_BUP__219A|WISEA_J205319.80+620907.8|UCAC4_761-057971|PM_J20533+6209|Gaia_DR1_2195886967353517312|WEB_18720|Gaia_DR2_2195886971653527168
V*_V2689_Ori,Mann,3966.0,60.0,0.05,0.08,4.691,0.048,/gpfs/group/cfb12/default/HPFData/Processed/WavelengthCalibrated_e2ds/20191116/0049/Slope-20191116T105902_R01.optimal.fits,TIC_436248822|2MASS_J05363099+1119401|2RE_J053634+111836|2RE_J0536+111|AG+11__546|BD+11___878|GCRV_56437|GEN#_+1.00245409|GJ___208|GSC_00709-00063|HD_245409|HIC__26335|HIP__26335|MCC_464|PPM_121171|RE_J053634+111834|RE_J0536+111|SAO__94695|TYC__709-63-1|VVO__38|YZ__11__1712|[RHG95]___944|PLX_1281.01|1RXS_J053632.0+111935|V*_V2689_Ori|ASAS_J053631+1119.7|IRAS_05336+1117|AKARI-IRC-V1_J0536309+111940|ASAS_J053631+1119.5|UCAC4_507-012838|StKM_2-419|PM_J05365+1119|Gaia_DR1_3339921875389105152|WEB__5189|Gaia_DR2_3339921875389105152|Karmn_J05365+113|**_TOK__255A|WDS_J05365+1120A,Gaia_DR2_3339921875389105152,HD 245409,./library/20240301_specmatch_nir/FITS/neidL2_20211220T103615.fits,899.816273,135.1008468062049,2021B-0435,22.008522097278124,neidL2_20211220T103615.fits,TIC_436248822|2MASS_J05363099+1119401|2RE_J053634+111836|2RE_J0536+111|AG+11__546|BD+11___878|GCRV_56437|GEN#_+1.00245409|GJ___208|GSC_00709-00063|HD_245409|HIC__26335|HIP__26335|MCC_464|PPM_121171|RE_J053634+111834|RE_J0536+111|SAO__94695|TYC__709-63-1|VVO__38|YZ__11__1712|[RHG95]___944|PLX_1281.01|1RXS_J053632.0+111935|V*_V2689_Ori|ASAS_J053631+1119.7|IRAS_05336+1117|AKARI-IRC-V1_J0536309+111940|ASAS_J053631+1119.5|UCAC4_507-012838|StKM_2-419|PM_J05365+1119|Gaia_DR1_3339921875389105152|WEB__5189|Gaia_DR2_3339921875389105152|Karmn_J05365+113|**_TOK__255A|WDS_J05365+1120A
HD_88230,Von Braun,4085.0,14.0,-0.16,0.1,4.64,0.01,/gpfs/group/cfb12/default/HPFData/Processed/WavelengthCalibrated_e2ds/20191119/0024/Slope-20191119T103851_R01.optimal.fits,TIC_371520835|PLX_2390|LSPM_J1011+4927|ASCC__327385|USNO-B1.0_1394-00210100|2E__2238|8pc_205.22|AG+49__914|BD+50__1725|CCDM_J10114+4927A|Ci_20__564|Ci_18_1218|DO_33188|G_196-9|GAT__950|GC_13987|GCRV__6436|GEN#_+1.00088230|GJ___380|Gmb_1618|HD__88230|HIC__49908|HIP__49908|IDS_10053+4958_A|IRAS_10082+4942|JP11__1905|LFT__696|LHS___280|LTT_12732|NLTT_23613|NSV__4765|PM_10083+4942|PPM__51736|SAO__43223|SKY#_19607|TYC_3437-811-1|UBV____9470|UBV_M__15985|USNO_833|YZ__49__3582|YZC_26__3582|Zkh_137|[GKL99]_214|[HFE83]__712|[RHG95]__1592|uvby98_100088230|2MASS_J10112218+4927153|2E_1008.2+4942|[ZEH2003]_RX_J1011.4+4927__1|RX_J1011.4+4927|1RXS_J101124.1+492718|WDS_J10114+4927A|WISEA_J101120.70+492709.9|UCAC4_698-052810|StKM_2-612|PM_J10113+4927|2RXP_J101122.8+492714|WEB__9187|Gaia_DR2_823773494718931968,Gaia_DR2_823773494718931968,HD 88230,./library/20240301_specmatch_nir/FITS/neidL2_20220514T044024.fits,449.838349,229.6384571873625,2022A-452266,-25.889250235349078,neidL2_20220514T044024.fits,TIC_371520835|PLX_2390|LSPM_J1011+4927|ASCC__327385|USNO-B1.0_1394-00210100|2E__2238|8pc_205.22|AG+49__914|BD+50__1725|CCDM_J10114+4927A|Ci_20__564|Ci_18_1218|DO_33188|G_196-9|GAT__950|GC_13987|GCRV__6436|GEN#_+1.00088230|GJ___380|Gmb_1618|HD__88230|HIC__49908|HIP__49908|IDS_10053+4958_A|IRAS_10082+4942|JP11__1905|LFT__696|LHS___280|LTT_12732|NLTT_23613|NSV__4765|PM_10083+4942|PPM__51736|SAO__43223|SKY#_19607|TYC_3437-811-1|UBV____9470|UBV_M__15985|USNO_833|YZ__49__3582|YZC_26__3582|Zkh_137|[GKL99]_214|[HFE83]__712|[RHG95]__1592|uvby98_100088230|2MASS_J10112218+4927153|2E_1008.2+4942|[ZEH2003]_RX_J1011.4+4927__1|RX_J1011.4+4927|1RXS_J101124.1+492718|WDS_J10114+4927A|WISEA_J101120.70+492709.9|UCAC4_698-052810|StKM_2-612|PM_J10113+4927|2RXP_J101122.8+492714|WEB__9187|Gaia_DR2_823773494718931968
GJ_134,Mann,3700.0,61.0,0.53,0.08,4.648,0.053,/gpfs/group/cfb12/default/HPFData/Processed/WavelengthCalibrated_e2ds/20191224/0002/Slope-20191224T011605_R01.optimal.fits,TIC_178078333|2MASS_J03180742+3815081|PLX__681|LSPM_J0318+3815|TYC_2848-1804-1|ASCC__466667|UCAC2__45124656|USNO-B1.0_1282-00075547|BD+37___748|Ci_20__221|G__95-25|G__78-31|GCRV__1816|GEN#_+1.00275122|GJ___134|HD_275122|HIC__15366|HIP__15366|LFT__271|LHS__1528|LTT_11082|MCC_100|NLTT_10461|VVO__10|VVO_305|Wolf_1325|[HFE83]__213|[RHG95]___590|PLX__681.00|WISEA_J031807.86+381501.7|UCAC4_642-013265|StKM_2-274|PM_J03181+3815|GALEX_6373026908007826216|WEB__2955|Gaia_DR2_235383247412615936|Karmn_J03181+382,Gaia_DR2_235383247412615936,HD 275122,./library/20240301_specmatch_nir/FITS/neidL2_20220209T045227.fits,899.780561,36.07990726565105,2022A-452266,-4.259367149038969,neidL2_20220209T045227.fits,TIC_178078333|2MASS_J03180742+3815081|PLX__681|LSPM_J0318+3815|TYC_2848-1804-1|ASCC__466667|UCAC2__45124656|USNO-B1.0_1282-00075547|BD+37___748|Ci_20__221|G__95-25|G__78-31|GCRV__1816|GEN#_+1.00275122|GJ___134|HD_275122|HIC__15366|HIP__15366|LFT__271|LHS__1528|LTT_11082|MCC_100|NLTT_10461|VVO__10|VVO_305|Wolf_1325|[HFE83]__213|[RHG95]___590|PLX__681.00|WISEA_J031807.86+381501.7|UCAC4_642-013265|StKM_2-274|PM_J03181+3815|GALEX_6373026908007826216|WEB__2955|Gaia_DR2_235383247412615936|Karmn_J03181+382
HD_28343,Mann,4124.0,62.0,0.39,0.08,4.636,0.048,/gpfs/group/cfb12/default/HPFData/Processed/WavelengthCalibrated_e2ds/20191119/0023/Slope-20191119T101149_R01.optimal.fits,TIC_17558287|2MASS_J04290013+2155214|PLX__990|LSPM_J0429+2155|ASCC__749923|USNO-B1.0_1119-00056724|AG+21__422|AGKR__3969|BD+21___652|DO_10515|GCRV__2612|GEN#_+1.00028343|GJ___169|GSC_01277-00601|HD__28343|HIC__20917|HIP__20917|IRAS_04260+2148|LTT_11433|MCC___8|NLTT_13343|NSV__1612|PMC_90-93__2190|PPM__93545|SAO__76626|TYC_1277-601-1|VVO__11|YZ__21__1444|Zkh__61|[GKL99]_118|uvby98_100028343|PLX__990.00|1RXS_J042859.8+215519|2EUVE_J0429+21.9|EUVE_J0429+21.9|WISEA_J042900.05+215523.6|UCAC4_560-009898|StKM_2-358|Gaia_DR1_145421304810445312|WEB__4018|Gaia_DR2_145421309108301184|PM_J04290+2155|Karmn_J04290+219,Gaia_DR2_145421309108301184,HD 28343,./library/20240301_specmatch_nir/FITS/neidL2_20220307T035212.fits,899.77856,75.1097592361325,2022A-452266,-35.11245166521708,neidL2_20220307T035212.fits,TIC_17558287|2MASS_J04290013+2155214|PLX__990|LSPM_J0429+2155|ASCC__749923|USNO-B1.0_1119-00056724|AG+21__422|AGKR__3969|BD+21___652|DO_10515|GCRV__2612|GEN#_+1.00028343|GJ___169|GSC_01277-00601|HD__28343|HIC__20917|HIP__20917|IRAS_04260+2148|LTT_11433|MCC___8|NLTT_13343|NSV__1612|PMC_90-93__2190|PPM__93545|SAO__76626|TYC_1277-601-1|VVO__11|YZ__21__1444|Zkh__61|[GKL99]_118|uvby98_100028343|PLX__990.00|1RXS_J042859.8+215519|2EUVE_J0429+21.9|EUVE_J0429+21.9|WISEA_J042900.05+215523.6|UCAC4_560-009898|StKM_2-358|Gaia_DR1_145421304810445312|WEB__4018|Gaia_DR2_145421309108301184|PM_J04290+2155|Karmn_J04290+219
GJ_806,Mann,3542.0,61.0,-0.15,0.08,4.781000000000001,0.05,/gpfs/group/cfb12/default/HPFData/Processed/WavelengthCalibrated_e2ds/20191207/0001/Slope-20191207T012456_R01.optimal.fits,TIC_239332587|PLX_4951|LSPM_J2045+4429|ASCC__436187|UCAC2__46961244|USNO-B1.0_1344-00401190|AC_+44___871|BD+44__3567|CCDM_J20451+4430A|CSI+44-20433|Ci_20_1228|G_209-41|GCRV_13011|GEN#_+6.10010806|GJ___806|HIC_102401|HIP_102401|JP11__5177|LFT_1568|LHS__3577|LTT_16068|NLTT_49843|NSV_13280|TYC_3178-633-1|USNO_897|[RHG95]__3247|p._Pulk_40|2MASS_J20450403+4429562|PLX_4951.00|WISEA_J204504.52+442959.4|UCAC4_673-089122|PM_J20450+4429|Gaia_DR1_2070115584598613632|WEB_18540|Gaia_DR2_2070115588901082368|Karmn_J20450+444,Gaia_DR2_2070115588901082368,TIC 239332587,./library/20240301_specmatch_nir/FITS/neidL2_20220610T101637.fits,899.794088,42.05641364573601,2022A-452266,-24.719726364778047,neidL2_20220610T101637.fits,TIC_239332587|PLX_4951|LSPM_J2045+4429|ASCC__436187|UCAC2__46961244|USNO-B1.0_1344-00401190|AC_+44___871|BD+44__3567|CCDM_J20451+4430A|CSI+44-20433|Ci_20_1228|G_209-41|GCRV_13011|GEN#_+6.10010806|GJ___806|HIC_102401|HIP_102401|JP11__5177|LFT_1568|LHS__3577|LTT_16068|NLTT_49843|NSV_13280|TYC_3178-633-1|USNO_897|[RHG95]__3247|p._Pulk_40|2MASS_J20450403+4429562|PLX_4951.00|WISEA_J204504.52+442959.4|UCAC4_673-089122|PM_J20450+4429|Gaia_DR1_2070115584598613632|WEB_18540|Gaia_DR2_2070115588901082368|Karmn_J20450+444
GJ_436,Von Braun,3416.0,53.0,0.04,0.1,4.83,0.03,/gpfs/group/cfb12/default/HPFData/Processed/WavelengthCalibrated_e2ds/20200208/0029/Slope-20200208T064809_R01.optimal.fits,TIC_138819293|TYC_1984-2613-1|PLX_2704.1|1RXS_J114211.9+264328|LSPM_J1142+2642|ASCC__683818|UCAC2__41198281|2MASS_J11421096+2642251|USNO-B1.0_1167-00204205|AC_+27_28217|BPS_BS_15625-0002|CSI+26-11395|CSI+27-11395|CSI+27-11394|G_120-68|G_147-68|G_121-7|GCRV__7104|GEN#_+9.80120068|GJ___436|HIC__57087|HIP__57087|LFT__838|LHS___310|LP__319-75|LTT_13213|MCC_616|NLTT_28288|PM_11395+2700|Ross__905|VVO_171|Zkh_164|[RHG95]__1830|PLX_2704.10|Gaia_DR2_4017860992519744384|WISEA_J114211.79+264215.1|UCAC4_584-046777|StKM_2-754|PM_J11421+2642|Gaia_DR1_4017861056947245696|WEB_10275|Karmn_J11421+267,Gaia_DR2_4017860992519744384,TIC 138819293,./library/20240301_specmatch_nir/FITS/neidL2_20220517T070939.fits,899.832245,51.81510894395645,2022A-452266,9.563129832558161,neidL2_20220517T070939.fits,TIC_138819293|TYC_1984-2613-1|PLX_2704.1|1RXS_J114211.9+264328|LSPM_J1142+2642|ASCC__683818|UCAC2__41198281|2MASS_J11421096+2642251|USNO-B1.0_1167-00204205|AC_+27_28217|BPS_BS_15625-0002|CSI+26-11395|CSI+27-11395|CSI+27-11394|G_120-68|G_147-68|G_121-7|GCRV__7104|GEN#_+9.80120068|GJ___436|HIC__57087|HIP__57087|LFT__838|LHS___310|LP__319-75|LTT_13213|MCC_616|NLTT_28288|PM_11395+2700|Ross__905|VVO_171|Zkh_164|[RHG95]__1830|PLX_2704.10|Gaia_DR2_4017860992519744384|WISEA_J114211.79+264215.1|UCAC4_584-046777|StKM_2-754|PM_J11421+2642|Gaia_DR1_4017861056947245696|WEB_10275|Karmn_J11421+267
GJ_353,Mann,3692.0,60.0,-0.2,0.08,4.736000000000001,0.05,/gpfs/group/cfb12/default/HPFData/Processed/WavelengthCalibrated_e2ds/20210520/0001/Slope-20210520T031058_R01.optimal.fits,TIC_450298091|PLX_2262|LSPM_J0931+3619|TYC_2500-1091-1|ASCC__489609|UCAC2__44484581|AG+36__930|BD+36__1970|Ci_20__532|G_116-36|G_117-21|GCRV__6165|GJ___353|HIC__46769|HIP__46769|LFT__655|LHS__2155|LTT_12516|MCC_548|NLTT_21970|PPM__74582|SAO__61548|[RHG95]__1509|2MASS_J09315632+3619129|USNO-B1.0_1263-00176780|PLX_2262.00|WISEA_J093156.14+361907.5|UCAC4_632-045179|StKM_2-574|PM_J09319+3619|Gaia_DR1_798914632030688896|GALEX_6373906508722210222|WEB__8824|Gaia_DR2_798914636327665536|Karmn_J09319+363,Gaia_DR2_798914636327665536,TIC 450298091,./library/20240301_specmatch_nir/FITS/neidL2_20220419T032546.fits,899.801179,53.5331228824151,2022A-452266,19.779396120635386,neidL2_20220419T032546.fits,TIC_450298091|PLX_2262|LSPM_J0931+3619|TYC_2500-1091-1|ASCC__489609|UCAC2__44484581|AG+36__930|BD+36__1970|Ci_20__532|G_116-36|G_117-21|GCRV__6165|GJ___353|HIC__46769|HIP__46769|LFT__655|LHS__2155|LTT_12516|MCC_548|NLTT_21970|PPM__74582|SAO__61548|[RHG95]__1509|2MASS_J09315632+3619129|USNO-B1.0_1263-00176780|PLX_2262.00|WISEA_J093156.14+361907.5|UCAC4_632-045179|StKM_2-574|PM_J09319+3619|Gaia_DR1_798914632030688896|GALEX_6373906508722210222|WEB__8824|Gaia_DR2_798914636327665536|Karmn_J09319+363
GJ_109,Mann,3405.0,60.0,-0.1,0.08,4.852,0.049,/gpfs/group/cfb12/default/HPFData/Processed/WavelengthCalibrated_e2ds/20201105/0051/Slope-20201105T090359_R01.optimal.fits,TIC_436856183|PLX__555|LSPM_J0244+2531|ASCC__654779|UCAC2__40803044|2MASS_J02441537+2531249|USNO-B1.0_1155-00031777|1RXS_J024416.0+253134|8pc_132.42|AC_+25__7918|CSI+25-02413|Ci_20__180|G__36-31|GCRV__1544|GEN#_+6.10010109|GEN#_+9.80036031|GJ___109|HIC__12781|HIP__12781|JP11__5109|LFT__224|LHS__1439|LTT_10897|MCC_400|NLTT__8817|PM_02413+2519|Ross__556|TYC_1772-986-1|UBV_M__42925|UBV____2710|V*_VX_Ari|VVO__51|Zkh__46|[GS83]__68|[RHG95]___492|PLX__555.00|RX_J0244.2+2531|[ZEH2003]_RX_J0244.2+2531__1|[GKL99]_75|WISEA_J024416.15+253120.5|StKM_2-231|UCAC4_578-006105|PM_J02442+2531|GALEX_6377037839452865034|WEB__2599|Gaia_DR2_114207651462714880|Karmn_J02442+255,Gaia_DR2_114207651462714880,TIC 436856183,./library/20240301_specmatch_nir/FITS/neidL2_20211219T071619.fits,899.846622,29.66262899983186,2021B-0435,30.52094598886655,neidL2_20211219T071619.fits,TIC_436856183|PLX__555|LSPM_J0244+2531|ASCC__654779|UCAC2__40803044|2MASS_J02441537+2531249|USNO-B1.0_1155-00031777|1RXS_J024416.0+253134|8pc_132.42|AC_+25__7918|CSI+25-02413|Ci_20__180|G__36-31|GCRV__1544|GEN#_+6.10010109|GEN#_+9.80036031|GJ___109|HIC__12781|HIP__12781|JP11__5109|LFT__224|LHS__1439|LTT_10897|MCC_400|NLTT__8817|PM_02413+2519|Ross__556|TYC_1772-986-1|UBV_M__42925|UBV____2710|V*_VX_Ari|VVO__51|Zkh__46|[GS83]__68|[RHG95]___492|PLX__555.00|RX_J0244.2+2531|[ZEH2003]_RX_J0244.2+2531__1|[GKL99]_75|WISEA_J024416.15+253120.5|StKM_2-231|UCAC4_578-006105|PM_J02442+2531|GALEX_6377037839452865034|WEB__2599|Gaia_DR2_114207651462714880|Karmn_J02442+255
GJ_581,Von Braun,3442.0,54.0,-0.1,0.1,4.97,0.03,/gpfs/group/cfb12/default/HPFData/Processed/WavelengthCalibrated_e2ds/20200213/0082/Slope-20200213T121849_R01.optimal.fits,TIC_36853511|Gaia_DR2_6322070093095493504|WISEA_J151925.96-074321.2|PM_J15194-0743E|StKM_2-1135|TYC_5594-1093-1|PLX_3458|8pc_159.52|BD-07__4003|Ci_20__923|G_151-46|G_152-9|GCRV__8863|GEN#_-0.00704003|GJ___581|GSC_05594-00593|HIC__74995|HIP__74995|JP11___273|LFT_1195|LHS___394|LPM_564|LTT__6112|MCC_159|NLTT_39886|NSV__7023|UBV___13194|UBV_M___5243|V*_HO_Lib|Wolf__562|Zkh_217|[RHG95]__2420|PLX_3458.00|2MASS_J15192689-0743200|UCAC3_165-136246|DENIS_J151926.8-074319|UCAC2__29110263|UCAC4_412-059591|Gaia_DR1_6322069882641960448|WEB_12795,Gaia_DR2_6322070093095493504,TIC 36853511,./library/20240301_specmatch_nir/FITS/neidL2_20220515T091733.fits,899.78273,39.11424948181746,2022A-452266,-9.46495264605989,neidL2_20220515T091733.fits,TIC_36853511|Gaia_DR2_6322070093095493504|WISEA_J151925.96-074321.2|PM_J15194-0743E|StKM_2-1135|TYC_5594-1093-1|PLX_3458|8pc_159.52|BD-07__4003|Ci_20__923|G_151-46|G_152-9|GCRV__8863|GEN#_-0.00704003|GJ___581|GSC_05594-00593|HIC__74995|HIP__74995|JP11___273|LFT_1195|LHS___394|LPM_564|LTT__6112|MCC_159|NLTT_39886|NSV__7023|UBV___13194|UBV_M___5243|V*_HO_Lib|Wolf__562|Zkh_217|[RHG95]__2420|PLX_3458.00|2MASS_J15192689-0743200|UCAC3_165-136246|DENIS_J151926.8-074319|UCAC2__29110263|UCAC4_412-059591|Gaia_DR1_6322069882641960448|WEB_12795
GJ_514,Mann,3727.0,61.0,-0.09,0.08,4.792,0.048,/gpfs/group/cfb12/default/HPFData/Processed/WavelengthCalibrated_e2ds/20200209/0039/Slope-20200209T091535_R01.optimal.fits,TIC_404519959|PLX_3079|LSPM_J1329+1022|TYC__895-317-1|ASCC__955736|UCAC2__35403307|USNO-B1.0_1003-00216029|8pc_131.12|AG+10_1630|BD+11__2576|Ci_20__782|G__63-34|GCRV__8008|GEN#_+0.01102576|GJ___514|HIC__65859|HIP__65859|JP11____45|LFT_1012|LHS___352|LTT_13925|MCC_143|NLTT_34287|PM_13275+1039|PPM_129864|Ross__490|UBV___12123|UBV___12139|UBV_M____489|VVO___5|Zkh_200|[RHG95]__2123|2MASS_J13295979+1022376|PLX_3079.00|[ZEH2003]_RX_J1329.9+1022__2|1RXS_J132958.5+102252|[FS2003]_0673|RX_J1329.9+1022|AKARI-IRC-V1_J1330002+102230|IRAS_13275+1038|WISEA_J133000.58+102226.4|UCAC4_502-056873|StKM_2-947|PM_J13299+1022|GALEX_6378656384993461793|WEB_11651|Gaia_DR2_3738099879558957952,Gaia_DR2_3738099879558957952,TIC 404519959,./library/20240301_specmatch_nir/FITS/neidL2_20211219T120223.fits,899.835215,111.6311355481562,2021B-0435,14.523195747353324,neidL2_20211219T120223.fits,TIC_404519959|PLX_3079|LSPM_J1329+1022|TYC__895-317-1|ASCC__955736|UCAC2__35403307|USNO-B1.0_1003-00216029|8pc_131.12|AG+10_1630|BD+11__2576|Ci_20__782|G__63-34|GCRV__8008|GEN#_+0.01102576|GJ___514|HIC__65859|HIP__65859|JP11____45|LFT_1012|LHS___352|LTT_13925|MCC_143|NLTT_34287|PM_13275+1039|PPM_129864|Ross__490|UBV___12123|UBV___12139|UBV_M____489|VVO___5|Zkh_200|[RHG95]__2123|2MASS_J13295979+1022376|PLX_3079.00|[ZEH2003]_RX_J1329.9+1022__2|1RXS_J132958.5+102252|[FS2003]_0673|RX_J1329.9+1022|AKARI-IRC-V1_J1330002+102230|IRAS_13275+1038|WISEA_J133000.58+102226.4|UCAC4_502-056873|StKM_2-947|PM_J13299+1022|GALEX_6378656384993461793|WEB_11651|Gaia_DR2_3738099879558957952
GJ_96,Mann,3785.0,62.0,0.14,0.08,4.672,0.048,/gpfs/group/cfb12/default/HPFData/Processed/WavelengthCalibrated_e2ds/20191208/0002/Slope-20191208T013316_R01.optimal.fits,TIC_409527090|2MASS_J02221463+4752481|PLX__481|LSPM_J0222+4752|TYC_3298-1434-1|ASCC__306934|UCAC2__47696767|USNO-B1.0_1378-00062837|AG+47__261|BD+47___612|G_173-53|GCRV__1326|GEN#_+0.04700612|GJ____96|HIC__11048|HIP__11048|JP11___188|MCC__96|NLTT__7753|PPM__45026|UBV____2437|UBV_M___3608|VVO_126|Zkh__41|[RHG95]___427|PLX__481.00|1RXS_J022214.1+475304|WISEA_J022214.85+475248.5|UCAC4_690-014940|StKM_2-205|PM_J02222+4752|GALEX_6372815757751878097|WEB__2324|Gaia_DR2_354077348697687424|Karmn_J02222+478,Gaia_DR2_354077348697687424,TIC 409527090,./library/20240301_specmatch_nir/FITS/neidL2_20211219T073811.fits,899.791556,57.23948285048053,2021B-0435,-38.01690907619406,neidL2_20211219T073811.fits,TIC_409527090|2MASS_J02221463+4752481|PLX__481|LSPM_J0222+4752|TYC_3298-1434-1|ASCC__306934|UCAC2__47696767|USNO-B1.0_1378-00062837|AG+47__261|BD+47___612|G_173-53|GCRV__1326|GEN#_+0.04700612|GJ____96|HIC__11048|HIP__11048|JP11___188|MCC__96|NLTT__7753|PPM__45026|UBV____2437|UBV_M___3608|VVO_126|Zkh__41|[RHG95]___427|PLX__481.00|1RXS_J022214.1+475304|WISEA_J022214.85+475248.5|UCAC4_690-014940|StKM_2-205|PM_J02222+4752|GALEX_6372815757751878097|WEB__2324|Gaia_DR2_354077348697687424|Karmn_J02222+478
GJ_172,Mann,3929.0,60.0,-0.11,0.08,4.684,0.048,/gpfs/group/cfb12/default/HPFData/Processed/WavelengthCalibrated_e2ds/20181106/0017/Slope-20181106T110036_R01.optimal.fits,TIC_274545692|2MASS_J04374092+5253372|PLX_1010|LSPM_J0437+5253|TYC_3732-542-1|ASCC__244104|USNO-B1.0_1428-00155067|AG+52__450|BD+52___857|Ci_18__594|Ci_20__298|G_175-42|G_191-4|GCRV__2695|GEN#_+1.00232979|GJ___172|HD_232979|HIC__21553|HIP__21553|IRAS_04337+5247|L_1742-6|LFT__362|LHS__1688|LTT_11464|MCC_449|NLTT_13604|PPM__29269|SAO__24722|UBV____4415|UBV_M__27782|VVO_235|YZ__52__1893|YZC_26__1893|[GKL99]_123|[RHG95]___799|PLX_1010.00|1RXS_J043740.6+525346|WISEA_J043741.24+525332.2|UCAC4_715-033323|PM_J04376+5253|Gaia_DR1_272855561463141248|WEB__4137|Gaia_DR2_272855565762295680|Karmn_J04376+528|**_CSN____6A|WDS_J04377+5254A|WISE_J043741.26+525332.2,Gaia_DR2_272855565762295680,HD 232979,./library/20240301_specmatch_nir/FITS/neidL2_20220314T035103.fits,899.804326,67.56174501850651,2022A-452266,34.394175780989045,neidL2_20220314T035103.fits,TIC_274545692|2MASS_J04374092+5253372|PLX_1010|LSPM_J0437+5253|TYC_3732-542-1|ASCC__244104|USNO-B1.0_1428-00155067|AG+52__450|BD+52___857|Ci_18__594|Ci_20__298|G_175-42|G_191-4|GCRV__2695|GEN#_+1.00232979|GJ___172|HD_232979|HIC__21553|HIP__21553|IRAS_04337+5247|L_1742-6|LFT__362|LHS__1688|LTT_11464|MCC_449|NLTT_13604|PPM__29269|SAO__24722|UBV____4415|UBV_M__27782|VVO_235|YZ__52__1893|YZC_26__1893|[GKL99]_123|[RHG95]___799|PLX_1010.00|1RXS_J043740.6+525346|WISEA_J043741.24+525332.2|UCAC4_715-033323|PM_J04376+5253|Gaia_DR1_272855561463141248|WEB__4137|Gaia_DR2_272855565762295680|Karmn_J04376+528|**_CSN____6A|WDS_J04377+5254A|WISE_J043741.26+525332.2
GJ_1172,Gaidos,3904.208,266.48900000000003,-0.11,0.1,4.7,0.07,/gpfs/group/cfb12/default/HPFData/Processed/WavelengthCalibrated_e2ds/20200208/0039/Slope-20200208T092801_R01.optimal.fits,TIC_365159477|PLX_3099.1|LSPM_J1334+0440|ASCC_1139143|UCAC2__33403663|USNO-B1.0_0946-00216494|AG+04_1720|BD+05__2767|G__62-50|GCRV_64207|GEN#_+0.00502767|GJ__1172|GSC_00310-00369|HIC__66222|HIP__66222|LTT_13947|MCC__48|NLTT_34499|PPM_159880|SAO_120011|TYC__310-369-1|Wolf_1487|YZ___4__6444|YZC_22__6444|[RHG95]__2137|2MASS_J13342150+0440026|PLX_3099.10|WISEA_J133421.60+044001.3|UCAC4_474-049887|StKM_2-955|PM_J13343+0440|WEB_11698|Gaia_DR2_3714667225186824064|Karmn_J13343+046,Gaia_DR2_3714667225186824064,TIC 365159477,./library/20240301_specmatch_nir/FITS/neidL2_20211219T112208.fits,899.822709,60.98059010814616,2021B-0435,14.934210974101823,neidL2_20211219T112208.fits,TIC_365159477|PLX_3099.1|LSPM_J1334+0440|ASCC_1139143|UCAC2__33403663|USNO-B1.0_0946-00216494|AG+04_1720|BD+05__2767|G__62-50|GCRV_64207|GEN#_+0.00502767|GJ__1172|GSC_00310-00369|HIC__66222|HIP__66222|LTT_13947|MCC__48|NLTT_34499|PPM_159880|SAO_120011|TYC__310-369-1|Wolf_1487|YZ___4__6444|YZC_22__6444|[RHG95]__2137|2MASS_J13342150+0440026|PLX_3099.10|WISEA_J133421.60+044001.3|UCAC4_474-049887|StKM_2-955|PM_J13343+0440|WEB_11698|Gaia_DR2_3714667225186824064|Karmn_J13343+046
GJ_9667,Gaidos,4199.725,247.929,-0.19,0.1,4.7,0.07,/gpfs/group/cfb12/default/HPFData/Processed/WavelengthCalibrated_e2ds/20210723/0025/Slope-20210723T083526_R01.optimal.fits,TIC_388521607|HD_355784|LSPM_J1943+1005|TYC_1061-1929-1|ASCC__979784|UCAC2__35466950|USNO-B1.0_1000-00492905|AC_+09___148-85|CSI+09-19411|G_142-47|GCRV_69778|GJ__9667|HIC__97051|HIP__97051|LP__633-12|LTT_15757|MCC_326|NLTT_48153|VVO_349|2MASS_J19432533+1005223|PLX_4632.01|Gaia_DR1_4302670680625318784|WEB_17031|Gaia_DR2_4302670684951953280,Gaia_DR2_4302670684951953280,HD 355784,./library/20240301_specmatch_nir/FITS/neidL2_20220610T080848.fits,899.867639,67.30001468538975,2022A-452266,-11.934742854647752,neidL2_20220610T080848.fits,TIC_388521607|HD_355784|LSPM_J1943+1005|TYC_1061-1929-1|ASCC__979784|UCAC2__35466950|USNO-B1.0_1000-00492905|AC_+09___148-85|CSI+09-19411|G_142-47|GCRV_69778|GJ__9667|HIC__97051|HIP__97051|LP__633-12|LTT_15757|MCC_326|NLTT_48153|VVO_349|2MASS_J19432533+1005223|PLX_4632.01|Gaia_DR1_4302670680625318784|WEB_17031|Gaia_DR2_4302670684951953280
LSPM_J1916+0510,Mann,3558.0,60.0,0.1,0.08,4.763999999999999,0.048,/gpfs/group/cfb12/default/HPFData/Processed/WavelengthCalibrated_e2ds/20190402/0012/Slope-20190402T113658_R01.optimal.fits,TIC_176188045|PLX_4494|UCAC2__33630690|LSPM_J1916+0510|ASCC_1070266|2MASS_J19165526+0510086|USNO-B1.0_0951-00432102|2E__4216|8pc_170.26A|AG+05_2703|BD+04__4048|CSI+04__4048__1|Ci_20_1143|DO__5540|G__22-22|G_142-24|GCRV_11733|GEN#_+1.00180617A|GJ___752_A|GSC_00472-01252|HD_180617|HIC__94761|HIP__94761|JP11__3084|LFT_1466|LHS___473|LTT_15645|MCC__65|NLTT_47619|PPM_167538|Ross__652|TYC__472-1252-1|UBV___16316|UBV_M__23632|V*_V1428_Aql|VVO__69|Wolf_1055|Zkh_288|[GKL99]_369|[HFE83]_1274|[RHG95]__3037|1E_191429+0505.5|2E_1914.4+0505|WDS_J19169+0510A|IRAS_19145+0505|CCDM_J19169+0510A|**_LDS_6334A|GJ___752|PM_19145+0505|GCRV_69237|PM_J19169+0510|UCAC4_476-093846|Gaia_DR1_4293318818833464832|WEB_16538|Gaia_DR2_4293318823182081408|Karmn_J19169+051N,Gaia_DR2_4293318823182081408,HD 180617,./library/20240301_specmatch_nir/FITS/neidL2_20220610T073041.fits,899.819159,95.7663722738574,2022A-452266,35.84040781641087,neidL2_20220610T073041.fits,TIC_176188045|PLX_4494|UCAC2__33630690|LSPM_J1916+0510|ASCC_1070266|2MASS_J19165526+0510086|USNO-B1.0_0951-00432102|2E__4216|8pc_170.26A|AG+05_2703|BD+04__4048|CSI+04__4048__1|Ci_20_1143|DO__5540|G__22-22|G_142-24|GCRV_11733|GEN#_+1.00180617A|GJ___752_A|GSC_00472-01252|HD_180617|HIC__94761|HIP__94761|JP11__3084|LFT_1466|LHS___473|LTT_15645|MCC__65|NLTT_47619|PPM_167538|Ross__652|TYC__472-1252-1|UBV___16316|UBV_M__23632|V*_V1428_Aql|VVO__69|Wolf_1055|Zkh_288|[GKL99]_369|[HFE83]_1274|[RHG95]__3037|1E_191429+0505.5|2E_1914.4+0505|WDS_J19169+0510A|IRAS_19145+0505|CCDM_J19169+0510A|**_LDS_6334A|GJ___752|PM_19145+0505|GCRV_69237|PM_J19169+0510|UCAC4_476-093846|Gaia_DR1_4293318818833464832|WEB_16538|Gaia_DR2_4293318823182081408|Karmn_J19169+051N
GJ_625,Mann,3475.0,60.0,-0.35,0.08,4.897,0.049,/gpfs/group/cfb12/default/HPFData/Processed/WavelengthCalibrated_e2ds/20200124/0020/Slope-20200124T122211_R01.optimal.fits,TIC_207492082|AC_+54__1646|LSPM_J1625+5418|TYC_3878-1193-1|ASCC__262633|USNO-B1.0_1443-00251675|8pc_151.93|AC_+54__1646-56|CSI+54-16242|G_202-48|G_226-7|G_225-62|GJ___625|HIC__80459|HIP__80459|MCC_767|NLTT_42804|USNO_749|VVO_180|Zkh_226|[HFE83]_1175|[RHG95]__2589|2MASS_J16252459+5418148|PLX_3740.03|WISEA_J162525.14+541813.0|UCAC4_722-055464|StKM_2-1247|PM_J16254+5418|Gaia_DR1_1428427232690720000|GALEX_6371021398798766191|Gaia_DR2_1428427236986209024|Karmn_J16254+543|1RXS_J162523.4+541811|WISE_J162525.14+541813.0|**_BWL___43A|WDS_J16254+5418A,Gaia_DR2_1428427236986209024,TIC 207492082,./library/20240301_specmatch_nir/FITS/neidL2_20220514T092508.fits,899.791312,63.94976613005045,2022A-452266,-13.112472302115542,neidL2_20220514T092508.fits,TIC_207492082|AC_+54__1646|LSPM_J1625+5418|TYC_3878-1193-1|ASCC__262633|USNO-B1.0_1443-00251675|8pc_151.93|AC_+54__1646-56|CSI+54-16242|G_202-48|G_226-7|G_225-62|GJ___625|HIC__80459|HIP__80459|MCC_767|NLTT_42804|USNO_749|VVO_180|Zkh_226|[HFE83]_1175|[RHG95]__2589|2MASS_J16252459+5418148|PLX_3740.03|WISEA_J162525.14+541813.0|UCAC4_722-055464|StKM_2-1247|PM_J16254+5418|Gaia_DR1_1428427232690720000|GALEX_6371021398798766191|Gaia_DR2_1428427236986209024|Karmn_J16254+543|1RXS_J162523.4+541811|WISE_J162525.14+541813.0|**_BWL___43A|WDS_J16254+5418A
